PRAGMA foreign_keys=OFF;
BEGIN TRANSACTION;
CREATE TABLE AppUser (
    UserID INTEGER PRIMARY KEY NOT NULL ,
    Username VARCHAR  NOT NULL ,
    PasswordHash VARCHAR  NOT NULL ,
    DateJoined VARCHAR  NOT NULL ,
    Email VARCHAR  NOT NULL ,
    RoleID INT  NOT NULL ,
    CONSTRAINT uc_AppUser_Username UNIQUE (
        Username
    ),
    CONSTRAINT uc_AppUser_Email UNIQUE (
        Email
    )
);
INSERT INTO AppUser VALUES(1,'jceci0','3449cc7777a0053a1094569301394f1b3fbccc2eae612acd079aae8f8f68cf07','2/10/2019','smcvey0@printfriendly.com',2);
INSERT INTO AppUser VALUES(2,'dthormann1','732571de1f9b67b441681c2630f1bf5be3e034d78ca7f2a83baa917dd3f6c7fd','8/29/2019','lbendall1@zdnet.com',2);
INSERT INTO AppUser VALUES(3,'bpenwright2','5388508abae2509558d5e09a8e5ba58dd56b2423bab429aec1cb249f772fb724','10/28/2019','oolanda2@soundcloud.com',2);
INSERT INTO AppUser VALUES(4,'pwinship3','5cc027688860cc0e79501fb15bdf7a0090181f556edd0ff4ca362508372b1005','2/15/2019','aridge3@nih.gov',2);
INSERT INTO AppUser VALUES(5,'nbaldery4','510c1b39dd3f9cdb892fad57939f2449b8e09e42244ee57604f51b23c6cab779','4/8/2019','tfeveryear4@shareasale.com',2);
INSERT INTO AppUser VALUES(6,'apargeter5','252e71772a22cfb4f21b963639f6ded9620086cfea0ccb9d5a2f2ffdc2ae28fe','11/13/2019','htomlins5@mozilla.org',2);
INSERT INTO AppUser VALUES(7,'ccroose6','ba48b93cac91e5fa85b2d2b70ceda7592bc3e41df6c0874450fe30bf308c9b40','8/7/2019','gbill6@microsoft.com',2);
INSERT INTO AppUser VALUES(8,'mwingeatt7','f3684f5309e0b645aa0a8ce480dcebd75525830d0f9bbf4942b9bd69317ce999','8/1/2019','bisworth7@cmu.edu',2);
INSERT INTO AppUser VALUES(9,'nsahlstrom8','32a098d37e540a0eaff764024d615b973570ac65a44e901f711305fe5d17944a','3/29/2019','rpurkis8@deliciousdays.com',2);
INSERT INTO AppUser VALUES(10,'lgrevatt9','145128f042cb678e5e3d7ef2113dcdf6a63836dfb854341fa25cda6b02b3068c','4/22/2019','kweetch9@technorati.com',2);
INSERT INTO AppUser VALUES(11,'erubinchika','108998627a44d153e28cbe8a41cbbcfdff5a8fd0947d938cca362ee0de3e4f72','2/8/2019','hcrouchera@oracle.com',2);
INSERT INTO AppUser VALUES(12,'fholsonb','2890f66cafb6f21c9da10eac2ca73993f1b945b839f326dcca8d5481b10fbe09','6/24/2019','cprattyb@kickstarter.com',2);
INSERT INTO AppUser VALUES(13,'twhightc','d618ab2060cc7b0d377a5b4e4abcb14cd4ec7ac90d92bd24a91ecb7bc3d88013','9/27/2019','ccargonc@discuz.net',2);
INSERT INTO AppUser VALUES(14,'vmalafed','00ccee756603ab2dc309d9f4bc7415e58d19213fff87809c75949ae4e9c43e34','10/10/2019','eweyd@simplemachines.org',2);
INSERT INTO AppUser VALUES(15,'jwedmoree','c3381b2e9fe940741f90fe3f1ff6b143c57bd980f578a502d94b75f382405e90','12/7/2019','sfogge@google.com.au',2);
INSERT INTO AppUser VALUES(16,'nmanshawf','9bbedcd6dcacc908d5eaf8019f86cd15c5e4317a803530544d535890826b1089','10/3/2019','dpatersonf@boston.com',2);
INSERT INTO AppUser VALUES(17,'lhalmsg','ca3849e7ae0c2263aceec1e3c819b83c8d95db0c3ab233eddc1cc5d62a51589b','12/21/2019','lstillmanng@fotki.com',2);
INSERT INTO AppUser VALUES(18,'cmuxworthyh','229a2709216fc493bf8fc6faab26f1bad79a811ca06e63aa1b699a17d879218e','7/29/2019','nvasyatkinh@businessweek.com',2);
INSERT INTO AppUser VALUES(19,'mgeelyi','88080779835ec9a0535465b0e714ef388cdb3f74ef4b9be80ac072f5516fff8e','12/8/2019','arenshawi@last.fm',2);
INSERT INTO AppUser VALUES(20,'tgreevej','90e5f4d6b237448143fad8280efa4746524876cf22404047e2d7d9fe7443af32','10/2/2019','mcraterej@youku.com',2);
INSERT INTO AppUser VALUES(21,'jpavlishchevk','8072a0227149cceb7963dfc790a24544c17bb444f42f3046b6d8c2a6bd56d488','6/8/2019','rwalpolek@blogtalkradio.com',2);
INSERT INTO AppUser VALUES(22,'tharcasel','2e14c41f7ac19084433fb92d6593a8d2847fc611a9bcf01d8f7a9fb72f2fce14','11/5/2019','acozensl@google.cn',2);
INSERT INTO AppUser VALUES(23,'khamblingm','450f7fdaf5dfc1b57f04d2316482918fd26090e0b274809db84c8dead76b3b17','10/17/2019','bswitlandm@cnn.com',2);
INSERT INTO AppUser VALUES(24,'nsennn','7a7e91ae89df55b0613f32cde8518d3c3f2b34381745890601faa85928676ac1','9/28/2019','aborlessn@dmoz.org',2);
INSERT INTO AppUser VALUES(25,'bnornableo','b12d8e59cb5eefc86d534c3788b045270d175770462f4e42c37de40ad7a954ea','3/18/2019','schesneyo@sfgate.com',2);
INSERT INTO AppUser VALUES(26,'rcordonp','ac40cdcbd55755e5f994036d9b8f1a5384a578716632827730df724a2fa0bdbd','1/16/2019','ebeadellp@java.com',2);
INSERT INTO AppUser VALUES(27,'tfaleyq','8770ebbe592d5fa7130ff8f3ff2059430429e61d7b06eebad810eaab210cfcca','10/24/2019','hbrennenq@studiopress.com',2);
INSERT INTO AppUser VALUES(28,'bgemsonr','86d976d040461b8e3c441bf4f9490765af42c1a08ba6c712c7829d1e7c881566','5/6/2019','lfendlowr@zdnet.com',2);
INSERT INTO AppUser VALUES(29,'fcluttens','96d72f435247a153b0a3295bc9468b95cf7f25735bf66194c99cad8784a5f89a','9/11/2019','wblacklys@sciencedirect.com',2);
INSERT INTO AppUser VALUES(30,'bpakemant','f29df0e63c43370cb4b65a0bbe252ace9543efdceafe8c28cc21ff70eb26d199','12/24/2019','pgiorgionit@theguardian.com',2);
INSERT INTO AppUser VALUES(31,'cvlasenkovu','545bdfdf019b1eb52a12d1785a373dc57f7fb125e9867415962b2063399f5c1f','1/12/2019','springueru@tamu.edu',2);
INSERT INTO AppUser VALUES(32,'sjedrzejkiewiczv','9aaee94ad5d4fe8946d1b0dd426405f65db5e8ea13f894e285830f69f80201c4','5/30/2019','ncammackv@youtu.be',2);
INSERT INTO AppUser VALUES(33,'gscopesw','f6c0f81ff58c561747958ed2cde21e8aa8922ba7a8e3a7ad261942d6577128b4','12/28/2019','yglasspoolew@msn.com',2);
INSERT INTO AppUser VALUES(34,'acattox','b059a8546489bff3b1534731683fa8829a4cf2ae8addfcd6c2a4ffab41f305b6','8/9/2019','cpurrierx@unc.edu',2);
INSERT INTO AppUser VALUES(35,'esetchy','fc1775fef2d29b5aa68316323fbedb2e1006a59f8463c0b85430c9d5d3ad2504','6/5/2019','csuarty@paypal.com',2);
INSERT INTO AppUser VALUES(36,'phumesz','300811ee3873683a8ed6239c1592389f38b5e90a269bae24d748f9959f186dd4','8/10/2019','dsteelyz@altervista.org',2);
INSERT INTO AppUser VALUES(37,'acuffin10','089fa06b15a838653c6ad60aa0db3e53839e62dc615fed91e3a1232dbdf3efc4','5/27/2019','ustquenin10@hao123.com',2);
INSERT INTO AppUser VALUES(38,'rfarreil11','a8bdbf50a51dd00e5f89f6c6ca5eb3bd6e6b64d1e9a5dd35e6aa6958385c851d','4/10/2019','ddaburn11@wiley.com',2);
INSERT INTO AppUser VALUES(39,'mearley12','9542546c829aa5c36a85447b4aca7743e806317c518786d1b4e4d33fdf9c632a','12/3/2019','jtripett12@wikimedia.org',2);
INSERT INTO AppUser VALUES(40,'semerton13','25cdf1cf3b0a746f15a1832faeec712fa5cfab9a4359a498cacc36dd1d6eb4e1','10/12/2019','ktubbs13@about.com',2);
INSERT INTO AppUser VALUES(41,'jcutmare14','dafd3e1572aa3d69af169a0968c01bff46c645adebc51c3b695cd24d74a5fa2d','12/3/2019','nolivari14@amazon.co.jp',2);
INSERT INTO AppUser VALUES(42,'jburras15','627a1234caefa344609d05127d09e27eac3c8ca0d219941868d252b3e989118a','5/7/2019','wwaplinton15@umn.edu',2);
INSERT INTO AppUser VALUES(43,'hfabry16','535d5527073d635da5d3e0cd3a87914d3c294dc2850862d3b4af3c8564e1788f','7/6/2019','swandrack16@nifty.com',2);
INSERT INTO AppUser VALUES(44,'bbossons17','e16213b53cd9da534afdb709b26d197e86fbc527d53650d10efbc8919a44a77e','6/18/2019','fleprevost17@nps.gov',2);
INSERT INTO AppUser VALUES(45,'pkernar18','8e06940615138b1217c36af45248d070434ec86512f6484bd3b3d25e44c1ec17','8/1/2019','ckillik18@soup.io',2);
INSERT INTO AppUser VALUES(46,'saireton19','362bd0ea6a08afd26a0ff64a96e784db51e965492e716d520e85db1feafa35c5','4/25/2019','aivanchikov19@spiegel.de',2);
INSERT INTO AppUser VALUES(47,'kprest1a','a32656bca028a21161a78cf2a14b4a85b6d55c0130a16eaa00df4f15cc952d27','10/14/2019','fsevitt1a@artisteer.com',2);
INSERT INTO AppUser VALUES(48,'aglossop1b','6480c12a446d54e6d44a8cdce58dc090b89448f73086de8cfb7e47c0b04c3e3c','7/27/2019','ncarlyon1b@webeden.co.uk',2);
INSERT INTO AppUser VALUES(49,'rworkes1c','99e2552ea5b6e0048d1c26152b86e0505e3917a0e02ca5253d31fbadbc4855f5','3/23/2019','mhendonson1c@bizjournals.com',2);
INSERT INTO AppUser VALUES(50,'daizic1d','26bf10fcd6ba40bccf645c8c1600bb667f60e4dfb2f254bfeb79e039d1e4f11c','6/2/2019','glivick1d@house.gov',2);
INSERT INTO AppUser VALUES(51,'lemeney1e','62b05a252777b471008d651f4fc593938c74244d771a9a5c223aa09aebaf4985','2/22/2019','cloveland1e@amazon.co.jp',2);
INSERT INTO AppUser VALUES(52,'kslaght1f','7b5d4c96fd1270993b77b0786461002a7e3b00273419084acc959d07b551b69b','7/2/2019','cdeek1f@archive.org',2);
INSERT INTO AppUser VALUES(53,'ghallgalley1g','2bfa10d73194d296d9165c3dc37f2f371088b42beb00b23af8ffdad94e23dd29','10/16/2019','awasylkiewicz1g@dyndns.org',2);
INSERT INTO AppUser VALUES(54,'atitterrell1h','c5c79906fd63cc6db34599abbd998621e83522ba9a7b478333a5ef7eeedd7ee3','5/8/2019','leckersall1h@npr.org',2);
INSERT INTO AppUser VALUES(55,'hbernetti1i','f6b3977a4b364353fe5301cac217746fb88413f47262816b6945282a6a664ff4','11/13/2019','slaurance1i@home.pl',2);
INSERT INTO AppUser VALUES(56,'dpatroni1j','0ea24d5f5b0c8902a96fbb122bdf7c5c03e2098fbf5cbe3cb4cb04d15840c5d4','8/22/2019','cfinley1j@odnoklassniki.ru',2);
INSERT INTO AppUser VALUES(57,'lmickleborough1k','61277b992604922d6b57844c319818e73a2f92d166ec420421b9504551d1db31','2/28/2019','atuohy1k@studiopress.com',2);
INSERT INTO AppUser VALUES(58,'omcelory1l','6efcd8de29c38d9e7bf1b03cee2ac54b52326ade25da52d7217fdb755730b14b','7/6/2019','nabbison1l@prlog.org',2);
INSERT INTO AppUser VALUES(59,'wkillshaw1m','ee2e11de0ee7de92de2665cefaaebd4bbc5fec3c543b1edc18fc4d43314199cd','2/25/2019','wocrowley1m@psu.edu',2);
INSERT INTO AppUser VALUES(60,'gniaves1n','a6cdce1b5dae4b498ab18b01378c8c3080b0cf3dcbbd42a630db68ee3531ccb9','7/23/2019','lcornewall1n@lycos.com',2);
INSERT INTO AppUser VALUES(61,'lgrimolbie1o','7091b27b1b1417c29007c9357a4918f37e000077b2d92c4739fab7678cfa7370','10/7/2019','cmorena1o@jugem.jp',2);
INSERT INTO AppUser VALUES(62,'gswanbourne1p','123e6c2f8c7b7127c7ae74bb6d18187ad9501dc2dab5ead301fa4764a3e7da35','10/16/2019','pfries1p@usgs.gov',2);
INSERT INTO AppUser VALUES(63,'jfalk1q','3725a1d117be816f7a9fa63c4573b666f900873d2a2f2e7552d87bebd21b67e2','9/6/2019','cfurmedge1q@hud.gov',2);
INSERT INTO AppUser VALUES(64,'wreame1r','3c00213b7aad1aecc3beac2b70b3bd378dad48a232ce6aa70d0ef72bc04f719d','9/13/2019','sduck1r@smh.com.au',2);
INSERT INTO AppUser VALUES(65,'fcanet1s','b0d10efa520c76d3b84c1331ab06a6879f3c98f74d70b98da85a71950fa2c437','1/2/2019','omcphaden1s@lycos.com',2);
INSERT INTO AppUser VALUES(66,'nkesey1t','b070d08ed2a99272f5a80b1d7f0a1d376916c50b3c47477f788252f293294249','2/8/2019','gmcwhinnie1t@parallels.com',2);
INSERT INTO AppUser VALUES(67,'beggers1u','c127001f116c2622e790785e4fe0aea9f915c4410ecac48513c2c052538b445b','9/5/2019','gfancutt1u@list-manage.com',2);
INSERT INTO AppUser VALUES(68,'bjosling1v','a96f3e85755eda33031fa7b6ae657a23f39f681a0837f5004220865aad690f5a','8/15/2019','lskouling1v@dion.ne.jp',2);
INSERT INTO AppUser VALUES(69,'alorenzo1w','195665fbf05ba5c41e3fc27ee16805dcf71ee3a136529574e49fc58522fb73a7','2/11/2019','agardiner1w@newyorker.com',2);
INSERT INTO AppUser VALUES(70,'fcusack1x','058ea74f809b23f751d62d2577ce0ef4c1bba0201e7f4895235da7e6877f9721','7/23/2019','ethroughton1x@bandcamp.com',2);
INSERT INTO AppUser VALUES(71,'tkristufek1y','bd05ba899934b30ba924c52c4714a9402376d5fa552e6ceec65bfe4a4931736c','4/3/2019','hblanch1y@tumblr.com',2);
INSERT INTO AppUser VALUES(72,'cbrownsill1z','c0afb2f2e879b8b1e6f8fb81ee00d6e51fabe20875c86dad467d721336131a5e','9/9/2019','asertin1z@spotify.com',2);
INSERT INTO AppUser VALUES(73,'mbrimmicombe20','8c505f4a118dd493f1231efbcda539eed8d7fe76345b6150dc10e25a114f26a7','9/20/2019','chowle20@nifty.com',2);
INSERT INTO AppUser VALUES(74,'arase21','28329d17646e4ba845eff2e9fc60ab059e88096034728844d174b1fb76875eab','5/18/2019','nclapshaw21@sourceforge.net',2);
INSERT INTO AppUser VALUES(75,'dnutting22','aef4f054cef53552f9a2bed50d975c85b0d7458289b657d9b43a708f781cd421','10/8/2019','hkenwright22@yelp.com',2);
INSERT INTO AppUser VALUES(76,'nduckham23','c70631b13e356d2faf422ffbf67c2bc6428d072c33fecd938d4bab3f53d56b0a','9/15/2019','bharkins23@opensource.org',2);
INSERT INTO AppUser VALUES(77,'mpacht24','6f2f4ba0fb1a37a839043066b536ce28357e6b35308b8241df53406974d71a0b','2/19/2019','dkoop24@squidoo.com',2);
INSERT INTO AppUser VALUES(78,'tstrang25','4a2fa66b17962447313fde7c37ba0d8ee4e52bd1047c40f9331792e4800e432f','7/14/2019','abootyman25@yellowpages.com',2);
INSERT INTO AppUser VALUES(79,'mbollen26','c2a5d1828a7f1ccf33a222a404b156b4e09a5874a057227f09ade89a0de8d0d1','12/24/2019','lpidcock26@bigcartel.com',2);
INSERT INTO AppUser VALUES(80,'crough27','3530f9bacc118987392e92f43b908d633213264a17b31d48f1829c04fe646602','1/31/2019','bwagen27@state.tx.us',2);
INSERT INTO AppUser VALUES(81,'pfavill28','99f821ab4bfe6a1bdbccc1b8c4f6195a7ac4b01ed3fc4bcd0749f221df5598ce','11/9/2019','tboyson28@gmpg.org',2);
INSERT INTO AppUser VALUES(82,'qduer29','121256d4007dd63e437ad2716825d90633ef422470e7546b8a0e3e9a8f0a8f9f','7/14/2019','pexeter29@csmonitor.com',2);
INSERT INTO AppUser VALUES(83,'apyle2a','8d00023fd13df0733aa70e803be50919daf3318f526eb5f83329f566aea20a2f','1/5/2019','keddow2a@t-online.de',2);
INSERT INTO AppUser VALUES(84,'asatterley2b','5e79534ad2fcdcda93f612ab3ef654ce032e2303e1ccce5da34c9064153a8fdb','6/7/2019','rweepers2b@imdb.com',2);
INSERT INTO AppUser VALUES(85,'bgoodanew2c','ca668a1f5f6a6b3ed7dc5d8372fb25938d4ae51511bb7e8af90cf6abc48aafb4','7/8/2019','tdaulby2c@uiuc.edu',2);
INSERT INTO AppUser VALUES(86,'qpatterfield2d','a826bbf9e1987c9482d60e43f25eba96a76a84933ce7cedb4daed39d9e52d602','10/8/2019','whassent2d@mapquest.com',2);
INSERT INTO AppUser VALUES(87,'amuirhead2e','81553e4c6c68307805b878931b0f44ddfa6b5dc9153daeb3243dac009009c7f9','5/3/2019','rtitchener2e@macromedia.com',2);
INSERT INTO AppUser VALUES(88,'kstaunton2f','cbf50dca79c9281155c4911f4b90fc6f1a6f6dc068663c1b3f18cd1f6d7e8bb9','1/11/2019','dairey2f@bravesites.com',2);
INSERT INTO AppUser VALUES(89,'tpiele2g','4cc31a0c89593a5b864ec0047b6cad40a458802d2fe03fb3e603cae285045988','9/17/2019','tjallin2g@tumblr.com',2);
INSERT INTO AppUser VALUES(90,'mmonte2h','e2ce5acef34f5b4d39d9fb91cd836ff37b1dcfbc622115610e2f384abbb681ae','12/9/2019','esmolan2h@reuters.com',2);
INSERT INTO AppUser VALUES(91,'gvenner2i','fc84b886f3e53ecd81892374e61dff8b2db14d13435f5c81527a19547660ce9a','10/5/2019','edanovich2i@slideshare.net',2);
INSERT INTO AppUser VALUES(92,'dgowen2j','8071e3bcab8dcb2fa1b1266742ad3fda2c3cb65413b8e9b48f04baec43546078','6/10/2019','wrankin2j@elpais.com',2);
INSERT INTO AppUser VALUES(93,'emacconnell2k','b562e763fc3f47f41d9a05e2ffb10a1a3be1952463467ca70be3f1feb710443a','7/15/2019','sfernely2k@umn.edu',2);
INSERT INTO AppUser VALUES(94,'jtyler2l','792307c9efd38b74827ceeaa452693218359898762482440f6083c085c51f096','9/22/2019','jbeane2l@omniture.com',2);
INSERT INTO AppUser VALUES(95,'stuting2m','0f5bb48f136017a63fa8d5dedce55c8e8b60e3a4a9505617ba6474e71f6e7591','11/17/2019','lseman2m@unesco.org',2);
INSERT INTO AppUser VALUES(96,'fpowton2n','8e9ff763a92e78354ecc9c56d1aeb2492e3f5296299d8a17c70bb151b09e3464','9/2/2019','nstener2n@wordpress.org',2);
INSERT INTO AppUser VALUES(97,'cprobbin2o','6571a848cc4d0b789111aae32ad74265804d760fc5f03113641a7020ea060de9','4/17/2019','liianon2o@rediff.com',2);
INSERT INTO AppUser VALUES(98,'nasman2p','c66636daf892c85c7f6bbfd439684bff797fc9ce6183a5c68bb27167df8eb365','7/23/2019','cconers2p@spotify.com',2);
INSERT INTO AppUser VALUES(99,'sfost2q','087b1c89a65f9dca74849b4a75606d13bf4cc54dc56a5bbf061765b854d18a82','3/18/2019','collis2q@google.cn',2);
INSERT INTO AppUser VALUES(100,'lbentham2r','5dac6d4e9e5583ab37d36b44182883d6feee54821212df12dedfff0250b6c4b1','12/17/2019','dmartusov2r@uol.com.br',2);
INSERT INTO AppUser VALUES(101,'jswepson2s','19b041fed90e339b2ae34b66a6685d36734bec41b3fd3dfcc9d514d1fd88d55e','10/5/2019','omoughtin2s@dion.ne.jp',2);
INSERT INTO AppUser VALUES(102,'egrimsdell2t','539bc998b8a8a36f808b312850b3b694b19ad2b19e77644a26e54d9af415953e','5/16/2019','maizlewood2t@irs.gov',2);
INSERT INTO AppUser VALUES(103,'aeden2u','68bf9a803e0b725c2563ceb0e976d07a592240b4c483034e497f8488814bbef6','2/20/2019','mflower2u@ustream.tv',2);
INSERT INTO AppUser VALUES(104,'hglaserman2v','937ddae1290a3e96426e6c336505dbcd52c4b4d82a7ccff15085a9d39dc09144','10/17/2019','spepon2v@symantec.com',2);
INSERT INTO AppUser VALUES(105,'acrass2w','05c7e2899296b8246cbf5bb25389fb8bcf87374ec56e0640da4d6b37adc761f6','5/27/2019','cstede2w@delicious.com',2);
INSERT INTO AppUser VALUES(106,'prising2x','09cae8f19e1f26db81df789afe78c6eea4820174a1b6d3a83ba999d807380bb3','10/30/2019','scarnson2x@fda.gov',2);
INSERT INTO AppUser VALUES(107,'lekless2y','9e3faab1f3a7fd82f622a31273e0cebeea56a1c91a17106f9681165542702941','12/6/2019','deton2y@xinhuanet.com',2);
INSERT INTO AppUser VALUES(108,'hoxenbury2z','c41246a21fc761910e9a531893869ad5f11e5748ca74530607b057cbc1278594','12/13/2019','dsamwayes2z@google.es',2);
INSERT INTO AppUser VALUES(109,'sdible30','fa0c0e7894e832d8d8e798b5af3a222adca79b4318ae905ef1775c1187ee4473','10/23/2019','pthow30@amazon.co.jp',2);
INSERT INTO AppUser VALUES(110,'nbenam31','0200931209fa5accc40f4b79d95f7e129878e7ba4529d0c2acd8d8ba461b55e2','4/28/2019','cculleford31@macromedia.com',2);
INSERT INTO AppUser VALUES(111,'gcrumbie32','dcadec5b1d6ed7270e78fe1003e531359dbb17a50b34da97c3ce5167b59b025b','4/6/2019','amoulden32@cbslocal.com',2);
INSERT INTO AppUser VALUES(112,'nabell33','fd76e9ce1726a7d2e05a86b6b3ed7706a5aef23ae0b5c5af33519ad616e01209','4/9/2019','cluten33@quantcast.com',2);
INSERT INTO AppUser VALUES(113,'wposnette34','3c59f3c9e530c45fdc469d8dc552ec2cd969301ed707f45acb6ec65a5734f2c9','5/3/2019','sfumagallo34@hubpages.com',2);
INSERT INTO AppUser VALUES(114,'cschurig35','a3fb91981c591439dfdb83edaffcdbb8390270f5ff8dfa07a5d8a2121d1e709a','7/30/2019','ageyton35@slideshare.net',2);
INSERT INTO AppUser VALUES(115,'hraffan36','78666ac6c56244a7f137b2ede657a030048690ca10180bcca83e997e8dab5391','4/1/2019','linsoll36@altervista.org',2);
INSERT INTO AppUser VALUES(116,'bglencros37','4af2faf60fd4e40d9414112fcb6b65d2878676a6d129204e74c474fb1760d306','8/10/2019','kjachtym37@livejournal.com',2);
INSERT INTO AppUser VALUES(117,'swooldridge38','fb348331bc2d0f36082c671f7d00d3b969834ccf0f40d5e7e6a46097a6270cb4','9/12/2019','jrameau38@wp.com',2);
INSERT INTO AppUser VALUES(118,'egillbard39','728b56deddf41f0b06c9f49caaa84466b7695295cd1960aaf2edc1c67cdbb4df','10/21/2019','bkahane39@nydailynews.com',2);
INSERT INTO AppUser VALUES(119,'arosettini3a','c119d1e389bd8f1349e67fa0e6fb16da2e125b1d460b80114bf2d1f1cf933479','5/19/2019','kneale3a@clickbank.net',2);
INSERT INTO AppUser VALUES(120,'fandreix3b','b68d847320badeb145b4d57c24bd36bf4b857b3fdb7594d4075fa7cb0e27d0c2','4/5/2019','mwhyler3b@bing.com',2);
INSERT INTO AppUser VALUES(121,'hisaac3c','9ae8025dc6345d5f8b954989f8788ed203c6da10309169a3aaf4de2aeccb6756','9/1/2019','mlillford3c@godaddy.com',2);
INSERT INTO AppUser VALUES(122,'hagar3d','f6fa6e97eac9503391f7c1af10f26f973a2a61a854411efc3062109316c2521e','10/7/2019','esager3d@hexun.com',2);
INSERT INTO AppUser VALUES(123,'rsinnie3e','146807bdcab8df4822c2dbccc73a941ce027600b6063a7b8b3ed2e7d5d04fe99','5/7/2019','eantliff3e@cmu.edu',2);
INSERT INTO AppUser VALUES(124,'vsculpher3f','15e29c652cabe49573196c074127da8844fc36384cf94abe5aeb98bd060dc329','3/10/2019','escrivinor3f@hostgator.com',2);
INSERT INTO AppUser VALUES(125,'goskehan3g','c7aacd60ce96eac5ef706fd93fc7c92b282dac5adb982e95fabb9c39cf6de3c3','1/17/2019','enevins3g@wiley.com',2);
INSERT INTO AppUser VALUES(126,'dfilyukov3h','a61df54b0db61203efd7100f416f4b22c61e8daf8d115befe9f5842668ef2511','4/13/2019','kczajka3h@goodreads.com',2);
INSERT INTO AppUser VALUES(127,'mgodfery3i','f2857d7acf1e5875c5b70bb925fb3e276a2a0acdc0f49584f8ae2594e150b43a','12/11/2019','achristy3i@twitter.com',2);
INSERT INTO AppUser VALUES(128,'jdunlap3j','4a91167d5c9563daa53d18e0c86430a6514cc1ca7fd393e2e7754f7c152c092e','7/11/2019','rkrinks3j@reverbnation.com',2);
INSERT INTO AppUser VALUES(129,'jpeschmann3k','685b3044f912e9ed8fb3112cb757eff416e9ae701e3f71ac353467244d1f43a1','3/6/2019','bchurchyard3k@va.gov',2);
INSERT INTO AppUser VALUES(130,'joxterby3l','1f56df42f559753500cd7960951f2e98b6965d253712866115992c0661c0c109','10/30/2019','ssymmons3l@meetup.com',2);
INSERT INTO AppUser VALUES(131,'abeckensall3m','827034fd9293b98e55766257b26f5798aaf779e36e0c7be9b8a1d0be180bd9f1','2/18/2019','hlongea3m@cpanel.net',2);
INSERT INTO AppUser VALUES(132,'dsouthan3n','41b2706d8e0d676a3056e7a72ba1719ff43cf837d83936a64e3fbf03497218e8','5/2/2019','neverson3n@census.gov',2);
INSERT INTO AppUser VALUES(133,'lbeasant3o','1f26c9525bb8d551478daf3460ee881b67a0e668895cb602eeb5467dec9af4a1','10/30/2019','ekuller3o@altervista.org',2);
INSERT INTO AppUser VALUES(134,'isander3p','abaaa3ba69a8ca4234960bd324afcd66e567c2b957747bf995dab43075cd61a4','6/19/2019','mmaccrossan3p@cdc.gov',2);
INSERT INTO AppUser VALUES(135,'mauchterlony3q','c64ea52879983b648317fc10dc9e98af969e8c70cf5e32737507f817ddebdc40','12/31/2018','khenfre3q@dailymail.co.uk',2);
INSERT INTO AppUser VALUES(136,'bhandlin3r','1182eb526ca63fc904766d4a57b77d8d7bd5aea2a80f9c0424ee8089e396ec48','7/11/2019','ukersey3r@quantcast.com',2);
INSERT INTO AppUser VALUES(137,'wdwerryhouse3s','4bf4b99968a31b8c467d9f931a215e365766e5a2b5313eda88b9c3f42a427f64','3/27/2019','igiovanizio3s@cloudflare.com',2);
INSERT INTO AppUser VALUES(138,'lmcmenamie3t','bf5eb8288a4fc25665470db08677a5991b9e10cc81e2dd822a095680eaf04f04','5/1/2019','lchance3t@google.ru',2);
INSERT INTO AppUser VALUES(139,'ccunio3u','36b0daa90a812b25463c2747bce9fc920b2d12cc90f6fa1aee9157f7dedc80fa','5/3/2019','ebastow3u@utexas.edu',2);
INSERT INTO AppUser VALUES(140,'kjouning3v','9418242b2121d7782b7c31614d695a07ba7073643a90175d4354067d19eee0f0','4/2/2019','igration3v@lulu.com',2);
INSERT INTO AppUser VALUES(141,'jcluatt3w','dea570e1567ce0c4d4ad862b8e54947083c540b523a6425b38372c5bd9da39ee','3/13/2019','unewart3w@sbwire.com',2);
INSERT INTO AppUser VALUES(142,'abrockway3x','e11bf463ed77ec91ced5629d0307ec761ba21b6517bf5b53d5f65637508af953','10/11/2019','nludy3x@wordpress.com',2);
INSERT INTO AppUser VALUES(143,'rtayt3y','82c0cfcbf14f4723d994964bc063251e9953644beae0027e2bfa81f71c938d06','3/17/2019','ewetwood3y@ifeng.com',2);
INSERT INTO AppUser VALUES(144,'sfaudrie3z','24b38aa44239f7e92326d6452406e28ac55e52087d291b100005b780d46101b5','7/12/2019','pcousans3z@pinterest.com',2);
INSERT INTO AppUser VALUES(145,'hstalley40','2d6c407cba4526d4b5033f8a808ef48ab1fa20cc23549a50d3e536d60fbc8086','5/26/2019','dmcneachtain40@webnode.com',2);
INSERT INTO AppUser VALUES(146,'rcomins41','77ce520a670d432a28908c176255fb5a59ddca95fbbe21b6b8546e3d6b1fe5b2','6/4/2019','mpalfreeman41@mail.ru',2);
INSERT INTO AppUser VALUES(147,'dtrevena42','8c717783e05c78b48162a98abacac6faa225f400a46e17a080252dcde4317fb4','12/2/2019','tcawdell42@sourceforge.net',2);
INSERT INTO AppUser VALUES(148,'rkeeltagh43','a6886303471ccf83cc57f89a160a2dfce5d2bc4611025a86ebc772d094aa4f3a','7/27/2019','blavrick43@wikispaces.com',2);
INSERT INTO AppUser VALUES(149,'sshakle44','05865c9b6634761cefe3b47d960c3e55a3800e76bc128bfe63c708003838ae09','12/5/2019','hrosendale44@altervista.org',2);
INSERT INTO AppUser VALUES(150,'cfrancescuccio45','f456283de65827cf409add03333de513093df2e93883e698ed0fed9c910fa0fe','7/25/2019','cbrandhardy45@google.ru',2);
INSERT INTO AppUser VALUES(151,'xardley46','12d8c8d848b6727abbba54a43ebb4e593b60cfe538bcceedad14fc45599e9510','5/13/2019','mdanko46@alexa.com',2);
INSERT INTO AppUser VALUES(152,'scrosetto47','23460106111414c77d10b43e9d6fed7dd26296153eb7aecb4beafb571d7bf224','4/25/2019','gstandrin47@blogs.com',2);
INSERT INTO AppUser VALUES(153,'rrome48','bfec8fc3d32158eecd19407e9ea890ff47b09a78f4658afa4274592ab2241321','6/26/2019','spearcy48@myspace.com',2);
INSERT INTO AppUser VALUES(154,'jcleugher49','1b7c9b93f2565db96da93ed812bfd90ba5190dd494485ba766b7ccf7ff352448','11/2/2019','rgallymore49@exblog.jp',2);
INSERT INTO AppUser VALUES(155,'jbambrick4a','dc7c3b054cec92dd304c6f9d1a4cc2338522190ea95d5a6aade9f7b0b0888872','11/3/2019','vsneezum4a@bandcamp.com',2);
INSERT INTO AppUser VALUES(156,'mjobbings4b','ec0093eb3dc760ca2f71b7068cb70e717ad52d1483ca8cdcb041696d0fea0306','9/28/2019','agethings4b@ed.gov',2);
INSERT INTO AppUser VALUES(157,'nmacaloren4c','405df506a4f950db27c8ce84d54292763fc24c0e9017cb73f5d269a057886fe7','6/19/2019','bambroz4c@example.com',2);
INSERT INTO AppUser VALUES(158,'hadlem4d','8dd67813142d676b3f9108acbd958903decd5e8bf3612c7d07e6a08836f4bc55','12/23/2019','nfoxwell4d@tuttocitta.it',2);
INSERT INTO AppUser VALUES(159,'espinozzi4e','e283526dd1b3e8ca4afe155476e962beff9285a65f1e707eb0620c29dcb6201a','3/6/2019','lvoase4e@dailymotion.com',2);
INSERT INTO AppUser VALUES(160,'rnarraway4f','3a1687eeb38515680c9a531b0688a06f41e25052a52905d27524d730ec1b113f','4/23/2019','amacguffie4f@discovery.com',2);
INSERT INTO AppUser VALUES(161,'csimcox4g','b201dbd15ca9c9cdf556dde31e2320e0e410e966a8dac7aab06fe161cd53c3a4','8/9/2019','estutard4g@adobe.com',2);
INSERT INTO AppUser VALUES(162,'tblitzer4h','6f155d26185dabc86ad102a709f9bd09349118ee036b137a699c078c282e92df','3/23/2019','tclarkin4h@sina.com.cn',2);
INSERT INTO AppUser VALUES(163,'wneames4i','149c19a044fcdf78577b17a67c9dfdbe64f1b027f77ea5cc185f027b9decad5d','8/16/2019','nrymmer4i@amazon.com',2);
INSERT INTO AppUser VALUES(164,'lummfrey4j','7fcf3901d9da59b50dbc8e1a46857d2f9a6ac8ff820705d87341ee2fb4ac45d6','1/17/2019','ovanderplas4j@wikimedia.org',2);
INSERT INTO AppUser VALUES(165,'fbluschke4k','e8d5c0f3e175b38485ed4823728cca7f91ad714b5c8e18099d88ba330e7fed8a','10/6/2019','vgiblin4k@geocities.jp',2);
INSERT INTO AppUser VALUES(166,'adeguara4l','c20ce39fe71486a2408b4e2a03443a81237b4fe6989ff78e875da22597b44b6c','10/26/2019','jvischi4l@51.la',2);
INSERT INTO AppUser VALUES(167,'dviscovi4m','24baf97a07c72efd792b34952886356800db795a393d0fb4340fd9d3234d3d5b','11/22/2019','crate4m@networksolutions.com',2);
INSERT INTO AppUser VALUES(168,'uraddon4n','9574a3b531a34040775df0fa128c9634b14ce39997ca1745a3b5e4c50d871f4e','7/11/2019','cskep4n@quantcast.com',2);
INSERT INTO AppUser VALUES(169,'gcesaric4o','e0ca5e124c3826f18a8e03b0f76e5849b3bdbda93f258b09c66bfa8e6ea779b6','5/4/2019','rtregust4o@scientificamerican.com',2);
INSERT INTO AppUser VALUES(170,'hmathers4p','d0bed693597f35e382bdd1b6031692287ff4b9171b2e76ee5220456ac6ffce9e','9/9/2019','iryburn4p@parallels.com',2);
INSERT INTO AppUser VALUES(171,'cgadault4q','1b90db17c70fdcf03183d9aad6cd04f4d507c29e289edeae13a2672a043d8ee4','2/12/2019','nkennford4q@t.co',2);
INSERT INTO AppUser VALUES(172,'mseeley4r','f9d9fc1e6054b97a6239fd4019c622e37738111687d9b78ba3dd70eb8a4f70e7','6/24/2019','mvalti4r@google.fr',2);
INSERT INTO AppUser VALUES(173,'cscading4s','12053f69d8cd32746bf362d0bb8ab17b9e23715338cc9d62f1993d35af88f161','2/23/2019','cshoebridge4s@mozilla.com',2);
INSERT INTO AppUser VALUES(174,'lvongladbach4t','f94427e09f0b5e68ff1c56d025ddb31591774a1c921e629d987a4d6807d955ed','6/15/2019','bvenediktov4t@php.net',2);
INSERT INTO AppUser VALUES(175,'bmelbourne4u','2277fafc6d6fc4f5d30d56f07131a169a7a2fde9d38fbd2182b03af976d51b86','1/20/2019','gkolushev4u@mayoclinic.com',2);
INSERT INTO AppUser VALUES(176,'sfink4v','b393313a3bb68b74f749c9ef7220265ec78eae74b3becbf23dd6960b5363d9d7','5/20/2019','jmacalaster4v@whitehouse.gov',2);
INSERT INTO AppUser VALUES(177,'kfriedenbach4w','5e39bf23aebb5366e4fc1e5e326d96519adf23f5bace1a296acc97924953cc71','1/7/2019','cbardey4w@nyu.edu',2);
INSERT INTO AppUser VALUES(178,'mhatherill4x','a2f1e44e088209037137ae5998144fd725aed4ef9bca3deec7fe7bb023933718','3/11/2019','smuir4x@cbslocal.com',2);
INSERT INTO AppUser VALUES(179,'vsandels4y','89b5058d6ed7ed4a8dea0eff119c7ee8a5b626d4b917b190275168e0927441f8','7/5/2019','mfletcher4y@chronoengine.com',2);
INSERT INTO AppUser VALUES(180,'ncreedland4z','26bc63340da3610d1cb6f1f32a633b059c1afec14fdd6294cf5b39f296733f26','9/11/2019','gpacht4z@t.co',2);
INSERT INTO AppUser VALUES(181,'cgroom50','58e815ba1c45e27bdc691a1aad9560973b6fb52d62c6c605483ef587e52d4ed7','2/18/2019','tvannoort50@foxnews.com',2);
INSERT INTO AppUser VALUES(182,'pprinn51','714374df43ce3537ba76021c4dd59fd742aed550b69274327213ef3b34760b29','1/16/2019','cstothart51@japanpost.jp',2);
INSERT INTO AppUser VALUES(183,'gbenzing52','0ebf522d5fea4f5df2e568f1c389ba381e3c873e897bbddb2436dbc5c7f7b6e0','12/5/2019','challut52@columbia.edu',2);
INSERT INTO AppUser VALUES(184,'kdunklee53','3b65a100fe2efee3e853fc6ea0865e2f99f9a0bf0221e1e901d85e9daca6dee5','9/20/2019','oglassard53@friendfeed.com',2);
INSERT INTO AppUser VALUES(185,'ccolebourn54','a859881e3e279139aa44bb46893a72ee2534002481d5a34d6c3e704ec12e0a6e','12/31/2018','pcovolini54@google.pl',2);
INSERT INTO AppUser VALUES(186,'knewson55','58638535adc85d055b0e7783518de040de1d4a856403903471b79bd949916c11','8/23/2019','qockleshaw55@tmall.com',2);
INSERT INTO AppUser VALUES(187,'atankin56','e8c952ede972d4b942663e76a4fb32e597b99b6b89f6db38f28121efa64b3cb4','7/1/2019','htesoe56@blogspot.com',2);
INSERT INTO AppUser VALUES(188,'mdanford57','411aef0f46cd90dc3024767cf2a7c28172a63d85a09f3e4d4ff0d01019735ed6','1/20/2019','ngarnsey57@deviantart.com',2);
INSERT INTO AppUser VALUES(189,'rbacher58','00cc892da225369cbddd2e92f124989be08fde9fc6ebfc51f9bed58de64b6c21','10/29/2019','zheisham58@hostgator.com',2);
INSERT INTO AppUser VALUES(190,'hcake59','975b811a701466eb64ec5afe383d3f343e3df119716eda59f222b167e5f157f4','11/26/2019','evollam59@example.com',2);
INSERT INTO AppUser VALUES(191,'jpowley5a','7320f20f00331a9b338bcaca8aa2a3fe6eb82a1160aa889624003dde12126efa','5/8/2019','bbiasioni5a@whitehouse.gov',2);
INSERT INTO AppUser VALUES(192,'agosz5b','4e9202bef151ed04f66373fd89bce293fbc03e178a239129fe882b7a75b7baaf','10/1/2019','mmcandrew5b@miibeian.gov.cn',2);
INSERT INTO AppUser VALUES(193,'cbasnall5c','8cf6e2f562782aec3ba67fccc6908ebb3e48ff8e7e3b6c2b1b4b312048c7922e','1/31/2019','mviggars5c@pbs.org',2);
INSERT INTO AppUser VALUES(194,'gjuckes5d','c27af4953cca3e1727e50d78727a1a199eaa294d4cd36ea2a9242d00833e43d4','9/25/2019','mdoumer5d@mail.ru',2);
INSERT INTO AppUser VALUES(195,'ssacher5e','6a93e55190c1a6a587658a899c71758531870b6c9ffbaf6e299c48daf07c57f4','5/4/2019','kvallance5e@taobao.com',2);
INSERT INTO AppUser VALUES(196,'ctwinborough5f','a5316d6893a1fc7f7dd92fb916db4ae18aab1d56c876b98c560a5fb8a18951e6','6/21/2019','rgrieveson5f@nature.com',2);
INSERT INTO AppUser VALUES(197,'smoodycliffe5g','7b9742472843fea270fa1eae598ff4ad375c22a39fcc574908061f7cd46ce5de','2/9/2019','esquibe5g@bluehost.com',2);
INSERT INTO AppUser VALUES(198,'sivanilov5h','90c098472b8e5c85a199c76cf0ef161c8570611811a4397df90f5f8c2106a4f4','8/11/2019','hthreadkell5h@zimbio.com',2);
INSERT INTO AppUser VALUES(199,'cwreight5i','ad22a78692955ba43ebf995dcfa48c32e5618cb3b855efddfe489d2eb47dbdf6','6/24/2019','yguwer5i@blogs.com',2);
INSERT INTO AppUser VALUES(200,'cpeevor5j','82e43982c7f579c62186ddb8ecbd287bd3678d7d55410ae0fff53d57ab43b064','6/6/2019','hbrightie5j@parallels.com',2);
INSERT INTO AppUser VALUES(201,'mheynel5k','f7c93c31e6d5d7525e9740f28519b307ffd54691e72083f9943871ded5609d78','4/4/2019','tclutram5k@time.com',2);
INSERT INTO AppUser VALUES(202,'brentenbeck5l','7adfcd6382766918f104c2e9c56b45b9c928fb73f5ee7aa5fddff196b7231a0e','7/4/2019','ggayter5l@wunderground.com',2);
INSERT INTO AppUser VALUES(203,'eryan5m','974217f16e8f6c4348691a1f56b7755c57281460e9d1ca772203a476e7320d9f','1/17/2019','dschukert5m@time.com',2);
INSERT INTO AppUser VALUES(204,'abumby5n','2b4d5c403075ec5ec76228f3652a2486ed6fba067d0cf17f9de562370d5d91ca','12/29/2019','dfurmston5n@seesaa.net',2);
INSERT INTO AppUser VALUES(205,'lnevison5o','c143101a413d0cf09873fb67dd596df970e5692febd0c9fdcb38de8a751de5b5','5/4/2019','ebluett5o@cpanel.net',2);
INSERT INTO AppUser VALUES(206,'tbodesson5p','d8b666531643e5b7d8f890debbdabcfe19f131ba662a624a2509f75b57072811','9/28/2019','hedmonds5p@ftc.gov',2);
INSERT INTO AppUser VALUES(207,'sallison5q','b48cbd928d19b4fc1b1ed769028876b19e71d9dad7dbe6bf22fb9e01556a3aa0','3/12/2019','ctaunton5q@jigsy.com',2);
INSERT INTO AppUser VALUES(208,'bbentall5r','50a5ba20e10cf6d3ad1867ec4c3bc87a02f8b6bb78239fdab16d376d9f71d66c','10/4/2019','mlowman5r@odnoklassniki.ru',2);
INSERT INTO AppUser VALUES(209,'mcrace5s','34d5b2addd3442e8cdbf8fa4429ea64e871fcd5610a81e32ca541e10c624d1f3','7/23/2019','lcod5s@shutterfly.com',2);
INSERT INTO AppUser VALUES(210,'fpavek5t','43fdff46a4946b37072d4394c55ab1c8703d3a40304073004bfdfc30e4830505','6/23/2019','xhuband5t@ed.gov',2);
INSERT INTO AppUser VALUES(211,'onaptin5u','953459e47ef834457b5ca8ff03ee2521b169a6c971fb8d9de2b025113858a0ee','6/17/2019','jspringate5u@digg.com',2);
INSERT INTO AppUser VALUES(212,'gevitts5v','cc027f7d8b215e63344933adff3e711b8152d6af3f5cd08bd3cfa1edf8f899d8','7/22/2019','acomiam5v@tripadvisor.com',2);
INSERT INTO AppUser VALUES(213,'hacey5w','bc7c053aff4c189a5756d7f96c3157aadaa111a02edd97bd79449a26abc6dccd','9/21/2019','rtrewett5w@themeforest.net',2);
INSERT INTO AppUser VALUES(214,'lposthill5x','14cd079c78d087881ac90a6433c410eda7482d028d7164c98a2fe1e835730938','11/12/2019','cdorrington5x@google.it',2);
INSERT INTO AppUser VALUES(215,'lharler5y','19edfe6a76ddea9feeb67eda362530791020a5a583bbdeb3180b1ce5e1c4c8a6','1/25/2019','sreedshaw5y@oracle.com',2);
INSERT INTO AppUser VALUES(216,'tloudyan5z','0e970acb1c7b917c8eae5f47402b002214b9d51702942caf9ad91efa6abdd374','6/23/2019','cfrayn5z@goodreads.com',2);
INSERT INTO AppUser VALUES(217,'gflorey60','e9d72b9842f2c1d2e91868a06e5093d3f57a7076f7383768a70f6d906856d854','11/10/2019','galgore60@sohu.com',2);
INSERT INTO AppUser VALUES(218,'dhlavac61','e79a451cbf465a40f69857140c525af39202bc449962a497f290e10c4b579bf3','10/12/2019','dmccann61@statcounter.com',2);
INSERT INTO AppUser VALUES(219,'shegley62','090a7636286cd2341f9644b2adf0e30a4b4d5f22e4c2b78ef5914a412504b229','6/4/2019','dgosnell62@biglobe.ne.jp',2);
INSERT INTO AppUser VALUES(220,'lpund63','71f787e6dafa8a7a7f2c6d11d208ba8f2166fd8ee29472a9e53fc95237bee611','4/21/2019','scaccavale63@engadget.com',2);
INSERT INTO AppUser VALUES(221,'llearned64','ec0fe13f4a778e212e515b029c48b85f050345e4e26b843220894990ad3b1443','8/5/2019','santonias64@merriam-webster.com',2);
INSERT INTO AppUser VALUES(222,'dgirardez65','3b327a9e5e457d8231e61233e1ed33cc72ae243b208575d47aaab617237c262d','6/17/2019','tcurds65@bloglovin.com',2);
INSERT INTO AppUser VALUES(223,'pthomsson66','6a679dd2bea4c72b9e0de09d2a03a1135448f06f57ef82d491b44cea575206f4','4/16/2019','wbruggen66@goo.gl',2);
INSERT INTO AppUser VALUES(224,'pkettlesting67','14fc04d828a764240a12be21451479baadfb6250d4d3dbbedd742c79ead1f9ec','4/19/2019','evila67@cam.ac.uk',2);
INSERT INTO AppUser VALUES(225,'oshewon68','cdbafccca7397a77df491edfbbfcd729bfbe7d132dd48b72beec76ab797d78d5','4/26/2019','svenn68@odnoklassniki.ru',2);
INSERT INTO AppUser VALUES(226,'caizic69','8128c7997f125633122ab89d271c7c2579d2ea86d421e43578ffed4936237e50','2/6/2019','aclaypoole69@nba.com',2);
INSERT INTO AppUser VALUES(227,'pcollingwood6a','e15965cf64ce6a18f298828f6494f910fd8a1d479785456f1382b86b09660eda','8/3/2019','vvenard6a@dailymotion.com',2);
INSERT INTO AppUser VALUES(228,'mhitschke6b','ab79d7ccba281c1d86e81e9f9db8a5cdbe8b0ec2c2679a2bc55e127dedd89812','8/4/2019','hgedling6b@youtu.be',2);
INSERT INTO AppUser VALUES(229,'hbardey6c','b2e1d0b332f572413703a154267a9c286938dbce03a6f27766e499441ec6024b','7/8/2019','dfitzroy6c@printfriendly.com',2);
INSERT INTO AppUser VALUES(230,'ehuerta6d','9fe6e2932929ea310a80b0f898428721db1504023c57acd6b868f5704c887e92','4/30/2019','pplett6d@cbc.ca',2);
INSERT INTO AppUser VALUES(231,'lgoodlud6e','0bfd87912b56917efc37f6b02895ca02d5e91c5969b7b25942f3d9efca0c8199','7/25/2019','lknappett6e@globo.com',2);
INSERT INTO AppUser VALUES(232,'bmathis6f','f3cf29832c1523f48083be4e79d8ec119b1890da7a0d7a1b96bcd0e4fb5351d6','7/6/2019','civasyushkin6f@spiegel.de',2);
INSERT INTO AppUser VALUES(233,'cmargaritelli6g','1b11c99f8dd18ee3ecc13fc0243c78ff075c76ac817f060974f07f8d43a54c2f','1/1/2019','sbingle6g@networkadvertising.org',2);
INSERT INTO AppUser VALUES(234,'vswainston6h','9383cbded7dc97c3ab83c5a6cf0bf3ca84fcb82af557a925297341b9156aa194','10/10/2019','gireland6h@odnoklassniki.ru',2);
INSERT INTO AppUser VALUES(235,'pirons6i','18f3c754b31dd8e937f39fc1fac992cd131e9c97b3b72bf90aed2da550ff8cdd','7/28/2019','hmatusson6i@vk.com',2);
INSERT INTO AppUser VALUES(236,'dbrayn6j','fc692338eb28135111bdd1d01bcde6750581ccf929c69f435c4de49f248daafa','11/2/2019','ekadar6j@bluehost.com',2);
INSERT INTO AppUser VALUES(237,'mvanstone6k','465823cf77ac7e62a2ac5bf9338f83f30050873436439b860b2d372a35e7e58d','4/8/2019','rcathel6k@biblegateway.com',2);
INSERT INTO AppUser VALUES(238,'lrudall6l','0ed16da41a6f829ad35f2aec79eea2b949c5fa38a6b4964838605b1aec78bfce','1/1/2019','gzoane6l@oaic.gov.au',2);
INSERT INTO AppUser VALUES(239,'arutter6m','0fbbe8eb53a7aaa1f34adc2e842502417226f44451129fde3fef2eb4bac01af4','4/20/2019','vgynni6m@hc360.com',2);
INSERT INTO AppUser VALUES(240,'ndensun6n','18814a9b58c0a7264cd74493e5e56c7d8e1bb931033b4b71fbd19f5bee877283','7/10/2019','emcclunaghan6n@linkedin.com',2);
INSERT INTO AppUser VALUES(241,'wloudiane6o','b9a8e66f6d8018e2fa255742adf21065bd328ff70a1fcb84ee08bd3e03d7f0b7','8/2/2019','tstandish6o@illinois.edu',2);
INSERT INTO AppUser VALUES(242,'rwathey6p','e162d7032ac1cdc7d8fd7ecf0f5c01370a442f5ccdeda55595de08b78167468f','1/4/2019','bgallacher6p@pinterest.com',2);
INSERT INTO AppUser VALUES(243,'tdepietri6q','ad4dfb53ab360e5e6676f0483b5e6690db2e1f1350cf927a042e8046ac1af00b','7/20/2019','bsteadman6q@theguardian.com',2);
INSERT INTO AppUser VALUES(244,'askeech6r','36803fda57e6a21441ca87f424f190ec5eb8be93284f54cbf515ea904c1b14dc','11/19/2019','ialwin6r@simplemachines.org',2);
INSERT INTO AppUser VALUES(245,'vtunesi6s','f06cb34263dd6374e0ee82da09611e99cd0be4065fd5354ca7905c1d7dfdd269','12/1/2019','cwilcot6s@deviantart.com',2);
INSERT INTO AppUser VALUES(246,'cdoblin6t','3adfa47af92ef0c27a4e3a65ed755341b9d05473eae9b7c9e49dc5cea804ea3c','3/1/2019','mcowlin6t@yahoo.com',2);
INSERT INTO AppUser VALUES(247,'hbeernaert6u','62af550e834847d4f8a931799725aef924f98a05ee96f4788d58ee0e8698fe09','1/8/2019','sadcocks6u@abc.net.au',2);
INSERT INTO AppUser VALUES(248,'ibeniesh6v','b8c9d05ffc4fbed26f40d774da7d41015c466f0a47d0486bb4e977cc25371cf0','5/9/2019','bbard6v@vistaprint.com',2);
INSERT INTO AppUser VALUES(249,'tdigiacomettino6w','67e63a42df1bf01e0c03ff766105ef62adff55cece3062eeb02ceb2d8d5556de','9/19/2019','jwicken6w@java.com',2);
INSERT INTO AppUser VALUES(250,'yslator6x','179e990e9c4718c7d6be3ed7b2f27d6d854d3bd66286de3d2094528d21757441','4/3/2019','cferencowicz6x@hibu.com',2);
CREATE TABLE AppUserPrivileges (
    RoleID INTEGER PRIMARY KEY,
    RoleDescription VARCHAR(20)  NOT NULL
);
INSERT INTO AppUserPrivileges VALUES(1,'admin');
INSERT INTO AppUserPrivileges VALUES(2,'user');
CREATE TABLE PlotTypes (
    PlotTypeID INTEGER PRIMARY KEY,
    PlotTypeDescription varchar(50)  NOT NULL
);
INSERT INTO PlotTypes VALUES(3,'Greenhouse');
INSERT INTO PlotTypes VALUES(2,'Standard');
INSERT INTO PlotTypes VALUES(1,'Hydroponic');
CREATE TABLE UserNotes (
    NoteID INTEGER PRIMARY KEY,
    UserID INT  NOT NULL ,
    NoteContent varchar(250)  NOT NULL ,
    NoteTag varchar(20)  NOT NULL
);
CREATE TABLE SensorSetItems (
    SensorSetItemID INTEGER PRIMARY KEY,
    SensorSetID INT NOT NULL ,
    SensorValue float  NOT NULL ,
    SensorItemID INT NOT NULL
);
INSERT INTO SensorSetItems VALUES(1,933683,65.0,1);
INSERT INTO SensorSetItems VALUES(2,565604,125.0,2);
INSERT INTO SensorSetItems VALUES(3,404113,27.999999999999999999,3);
INSERT INTO SensorSetItems VALUES(4,288681,6.2000000000000001776,4);
INSERT INTO SensorSetItems VALUES(5,240622,65.0,1);
INSERT INTO SensorSetItems VALUES(6,333154,125.0,2);
INSERT INTO SensorSetItems VALUES(7,209934,27.999999999999999999,3);
INSERT INTO SensorSetItems VALUES(8,387464,6.2000000000000001776,4);
INSERT INTO SensorSetItems VALUES(9,883181,65.0,1);
INSERT INTO SensorSetItems VALUES(10,705071,125.0,2);
INSERT INTO SensorSetItems VALUES(11,559302,27.999999999999999999,3);
INSERT INTO SensorSetItems VALUES(12,297693,6.2000000000000001776,4);
INSERT INTO SensorSetItems VALUES(13,533482,65.0,1);
INSERT INTO SensorSetItems VALUES(14,498193,125.0,2);
INSERT INTO SensorSetItems VALUES(15,277321,27.999999999999999999,3);
INSERT INTO SensorSetItems VALUES(16,403911,6.2000000000000001776,4);
INSERT INTO SensorSetItems VALUES(17,618242,65.0,1);
INSERT INTO SensorSetItems VALUES(18,690383,125.0,2);
INSERT INTO SensorSetItems VALUES(19,350302,27.999999999999999999,3);
INSERT INTO SensorSetItems VALUES(20,48754,6.2000000000000001776,4);
INSERT INTO SensorSetItems VALUES(21,16813,65.0,1);
INSERT INTO SensorSetItems VALUES(22,443343,125.0,2);
INSERT INTO SensorSetItems VALUES(23,708251,27.999999999999999999,3);
INSERT INTO SensorSetItems VALUES(24,454491,6.2000000000000001776,4);
INSERT INTO SensorSetItems VALUES(25,182891,65.0,1);
INSERT INTO SensorSetItems VALUES(26,191864,125.0,2);
INSERT INTO SensorSetItems VALUES(27,414944,27.999999999999999999,3);
INSERT INTO SensorSetItems VALUES(28,431702,6.2000000000000001776,4);
INSERT INTO SensorSetItems VALUES(29,466604,65.0,1);
INSERT INTO SensorSetItems VALUES(30,753662,125.0,2);
INSERT INTO SensorSetItems VALUES(31,449182,27.999999999999999999,3);
INSERT INTO SensorSetItems VALUES(32,745184,6.2000000000000001776,4);
INSERT INTO SensorSetItems VALUES(33,245481,65.0,1);
INSERT INTO SensorSetItems VALUES(34,433071,125.0,2);
INSERT INTO SensorSetItems VALUES(35,934552,27.999999999999999999,3);
INSERT INTO SensorSetItems VALUES(36,833561,6.2000000000000001776,4);
INSERT INTO SensorSetItems VALUES(37,771193,65.0,1);
INSERT INTO SensorSetItems VALUES(38,301721,125.0,2);
INSERT INTO SensorSetItems VALUES(39,545643,27.999999999999999999,3);
INSERT INTO SensorSetItems VALUES(40,204961,6.2000000000000001776,4);
INSERT INTO SensorSetItems VALUES(41,500072,65.0,1);
INSERT INTO SensorSetItems VALUES(42,321882,125.0,2);
INSERT INTO SensorSetItems VALUES(43,301191,27.999999999999999999,3);
INSERT INTO SensorSetItems VALUES(44,205292,6.2000000000000001776,4);
INSERT INTO SensorSetItems VALUES(45,567301,65.0,1);
INSERT INTO SensorSetItems VALUES(46,586543,125.0,2);
INSERT INTO SensorSetItems VALUES(47,44891,27.999999999999999999,3);
INSERT INTO SensorSetItems VALUES(48,269142,6.2000000000000001776,4);
INSERT INTO SensorSetItems VALUES(49,461304,65.0,1);
INSERT INTO SensorSetItems VALUES(50,62041,125.0,2);
INSERT INTO SensorSetItems VALUES(51,216241,27.999999999999999999,3);
INSERT INTO SensorSetItems VALUES(52,631172,6.2000000000000001776,4);
INSERT INTO SensorSetItems VALUES(53,133102,65.0,1);
INSERT INTO SensorSetItems VALUES(54,66113,125.0,2);
INSERT INTO SensorSetItems VALUES(55,254802,27.999999999999999999,3);
INSERT INTO SensorSetItems VALUES(56,189732,6.2000000000000001776,4);
INSERT INTO SensorSetItems VALUES(57,694851,65.0,1);
INSERT INTO SensorSetItems VALUES(58,669944,125.0,2);
INSERT INTO SensorSetItems VALUES(59,776142,27.999999999999999999,3);
INSERT INTO SensorSetItems VALUES(60,971834,6.2000000000000001776,4);
INSERT INTO SensorSetItems VALUES(61,237683,65.0,1);
INSERT INTO SensorSetItems VALUES(62,877163,125.0,2);
INSERT INTO SensorSetItems VALUES(63,706442,27.999999999999999999,3);
INSERT INTO SensorSetItems VALUES(64,614902,6.2000000000000001776,4);
INSERT INTO SensorSetItems VALUES(65,611224,65.0,1);
INSERT INTO SensorSetItems VALUES(66,529323,125.0,2);
INSERT INTO SensorSetItems VALUES(67,772702,27.999999999999999999,3);
INSERT INTO SensorSetItems VALUES(68,797934,6.2000000000000001776,4);
INSERT INTO SensorSetItems VALUES(69,838704,65.0,1);
INSERT INTO SensorSetItems VALUES(70,303144,125.0,2);
INSERT INTO SensorSetItems VALUES(71,631591,27.999999999999999999,3);
INSERT INTO SensorSetItems VALUES(72,425294,6.2000000000000001776,4);
INSERT INTO SensorSetItems VALUES(73,218752,65.0,1);
INSERT INTO SensorSetItems VALUES(74,502113,125.0,2);
INSERT INTO SensorSetItems VALUES(75,754621,27.999999999999999999,3);
INSERT INTO SensorSetItems VALUES(76,6321,6.2000000000000001776,4);
INSERT INTO SensorSetItems VALUES(77,89354,65.0,1);
INSERT INTO SensorSetItems VALUES(78,353683,125.0,2);
INSERT INTO SensorSetItems VALUES(79,307473,27.999999999999999999,3);
INSERT INTO SensorSetItems VALUES(80,158514,6.2000000000000001776,4);
INSERT INTO SensorSetItems VALUES(81,844533,65.0,1);
INSERT INTO SensorSetItems VALUES(82,520541,125.0,2);
INSERT INTO SensorSetItems VALUES(83,124921,27.999999999999999999,3);
INSERT INTO SensorSetItems VALUES(84,185912,6.2000000000000001776,4);
INSERT INTO SensorSetItems VALUES(85,127632,65.0,1);
INSERT INTO SensorSetItems VALUES(86,525011,125.0,2);
INSERT INTO SensorSetItems VALUES(87,573924,27.999999999999999999,3);
INSERT INTO SensorSetItems VALUES(88,443892,6.2000000000000001776,4);
INSERT INTO SensorSetItems VALUES(89,300784,65.0,1);
INSERT INTO SensorSetItems VALUES(90,346144,125.0,2);
INSERT INTO SensorSetItems VALUES(91,630022,27.999999999999999999,3);
INSERT INTO SensorSetItems VALUES(92,128441,6.2000000000000001776,4);
INSERT INTO SensorSetItems VALUES(93,688831,65.0,1);
INSERT INTO SensorSetItems VALUES(94,967073,125.0,2);
INSERT INTO SensorSetItems VALUES(95,82312,27.999999999999999999,3);
INSERT INTO SensorSetItems VALUES(96,562383,6.2000000000000001776,4);
INSERT INTO SensorSetItems VALUES(97,168284,65.0,1);
INSERT INTO SensorSetItems VALUES(98,694884,125.0,2);
INSERT INTO SensorSetItems VALUES(99,974053,27.999999999999999999,3);
INSERT INTO SensorSetItems VALUES(100,775331,6.2000000000000001776,4);
INSERT INTO SensorSetItems VALUES(101,8082,65.0,1);
INSERT INTO SensorSetItems VALUES(102,135452,125.0,2);
INSERT INTO SensorSetItems VALUES(103,938384,27.999999999999999999,3);
INSERT INTO SensorSetItems VALUES(104,552712,6.2000000000000001776,4);
INSERT INTO SensorSetItems VALUES(105,620353,65.0,1);
INSERT INTO SensorSetItems VALUES(106,392634,125.0,2);
INSERT INTO SensorSetItems VALUES(107,707563,27.999999999999999999,3);
INSERT INTO SensorSetItems VALUES(108,517302,6.2000000000000001776,4);
INSERT INTO SensorSetItems VALUES(109,54282,65.0,1);
INSERT INTO SensorSetItems VALUES(110,90533,125.0,2);
INSERT INTO SensorSetItems VALUES(111,607152,27.999999999999999999,3);
INSERT INTO SensorSetItems VALUES(112,889534,6.2000000000000001776,4);
INSERT INTO SensorSetItems VALUES(113,39832,65.0,1);
INSERT INTO SensorSetItems VALUES(114,606921,125.0,2);
INSERT INTO SensorSetItems VALUES(115,585952,27.999999999999999999,3);
INSERT INTO SensorSetItems VALUES(116,349902,6.2000000000000001776,4);
INSERT INTO SensorSetItems VALUES(117,776192,65.0,1);
INSERT INTO SensorSetItems VALUES(118,93741,125.0,2);
INSERT INTO SensorSetItems VALUES(119,818132,27.999999999999999999,3);
INSERT INTO SensorSetItems VALUES(120,948372,6.2000000000000001776,4);
INSERT INTO SensorSetItems VALUES(121,639951,65.0,1);
INSERT INTO SensorSetItems VALUES(122,333364,125.0,2);
INSERT INTO SensorSetItems VALUES(123,67304,27.999999999999999999,3);
INSERT INTO SensorSetItems VALUES(124,676541,6.2000000000000001776,4);
INSERT INTO SensorSetItems VALUES(125,261581,65.0,1);
INSERT INTO SensorSetItems VALUES(126,312381,125.0,2);
INSERT INTO SensorSetItems VALUES(127,867213,27.999999999999999999,3);
INSERT INTO SensorSetItems VALUES(128,728501,6.2000000000000001776,4);
INSERT INTO SensorSetItems VALUES(129,576151,65.0,1);
INSERT INTO SensorSetItems VALUES(130,475422,125.0,2);
INSERT INTO SensorSetItems VALUES(131,303594,27.999999999999999999,3);
INSERT INTO SensorSetItems VALUES(132,833181,6.2000000000000001776,4);
INSERT INTO SensorSetItems VALUES(133,94082,65.0,1);
INSERT INTO SensorSetItems VALUES(134,764594,125.0,2);
INSERT INTO SensorSetItems VALUES(135,358634,27.999999999999999999,3);
INSERT INTO SensorSetItems VALUES(136,980904,6.2000000000000001776,4);
INSERT INTO SensorSetItems VALUES(137,729614,65.0,1);
INSERT INTO SensorSetItems VALUES(138,158083,125.0,2);
INSERT INTO SensorSetItems VALUES(139,36543,27.999999999999999999,3);
INSERT INTO SensorSetItems VALUES(140,92204,6.2000000000000001776,4);
INSERT INTO SensorSetItems VALUES(141,870174,65.0,1);
INSERT INTO SensorSetItems VALUES(142,484293,125.0,2);
INSERT INTO SensorSetItems VALUES(143,274614,27.999999999999999999,3);
INSERT INTO SensorSetItems VALUES(144,608561,6.2000000000000001776,4);
INSERT INTO SensorSetItems VALUES(145,782461,65.0,1);
INSERT INTO SensorSetItems VALUES(146,88142,125.0,2);
INSERT INTO SensorSetItems VALUES(147,823641,27.999999999999999999,3);
INSERT INTO SensorSetItems VALUES(148,894063,6.2000000000000001776,4);
INSERT INTO SensorSetItems VALUES(149,645472,65.0,1);
INSERT INTO SensorSetItems VALUES(150,475461,125.0,2);
INSERT INTO SensorSetItems VALUES(151,78181,27.999999999999999999,3);
INSERT INTO SensorSetItems VALUES(152,536791,6.2000000000000001776,4);
INSERT INTO SensorSetItems VALUES(153,98791,65.0,1);
INSERT INTO SensorSetItems VALUES(154,885241,125.0,2);
INSERT INTO SensorSetItems VALUES(155,764243,27.999999999999999999,3);
INSERT INTO SensorSetItems VALUES(156,253544,6.2000000000000001776,4);
INSERT INTO SensorSetItems VALUES(157,992452,65.0,1);
INSERT INTO SensorSetItems VALUES(158,587912,125.0,2);
INSERT INTO SensorSetItems VALUES(159,378631,27.999999999999999999,3);
INSERT INTO SensorSetItems VALUES(160,471573,6.2000000000000001776,4);
INSERT INTO SensorSetItems VALUES(161,554741,65.0,1);
INSERT INTO SensorSetItems VALUES(162,413292,125.0,2);
INSERT INTO SensorSetItems VALUES(163,405061,27.999999999999999999,3);
INSERT INTO SensorSetItems VALUES(164,149354,6.2000000000000001776,4);
INSERT INTO SensorSetItems VALUES(165,95271,65.0,1);
INSERT INTO SensorSetItems VALUES(166,799043,125.0,2);
INSERT INTO SensorSetItems VALUES(167,676741,27.999999999999999999,3);
INSERT INTO SensorSetItems VALUES(168,707762,6.2000000000000001776,4);
INSERT INTO SensorSetItems VALUES(169,414583,65.0,1);
INSERT INTO SensorSetItems VALUES(170,202671,125.0,2);
INSERT INTO SensorSetItems VALUES(171,522774,27.999999999999999999,3);
INSERT INTO SensorSetItems VALUES(172,872103,6.2000000000000001776,4);
INSERT INTO SensorSetItems VALUES(173,163604,65.0,1);
INSERT INTO SensorSetItems VALUES(174,328133,125.0,2);
INSERT INTO SensorSetItems VALUES(175,903853,27.999999999999999999,3);
INSERT INTO SensorSetItems VALUES(176,289004,6.2000000000000001776,4);
INSERT INTO SensorSetItems VALUES(177,752731,65.0,1);
INSERT INTO SensorSetItems VALUES(178,358153,125.0,2);
INSERT INTO SensorSetItems VALUES(179,285933,27.999999999999999999,3);
INSERT INTO SensorSetItems VALUES(180,237244,6.2000000000000001776,4);
INSERT INTO SensorSetItems VALUES(181,800493,65.0,1);
INSERT INTO SensorSetItems VALUES(182,605864,125.0,2);
INSERT INTO SensorSetItems VALUES(183,562972,27.999999999999999999,3);
INSERT INTO SensorSetItems VALUES(184,809353,6.2000000000000001776,4);
INSERT INTO SensorSetItems VALUES(185,355314,65.0,1);
INSERT INTO SensorSetItems VALUES(186,897731,125.0,2);
INSERT INTO SensorSetItems VALUES(187,694991,27.999999999999999999,3);
INSERT INTO SensorSetItems VALUES(188,374704,6.2000000000000001776,4);
INSERT INTO SensorSetItems VALUES(189,971511,65.0,1);
INSERT INTO SensorSetItems VALUES(190,624584,125.0,2);
INSERT INTO SensorSetItems VALUES(191,312652,27.999999999999999999,3);
INSERT INTO SensorSetItems VALUES(192,470103,6.2000000000000001776,4);
INSERT INTO SensorSetItems VALUES(193,885421,65.0,1);
INSERT INTO SensorSetItems VALUES(194,650891,125.0,2);
INSERT INTO SensorSetItems VALUES(195,324662,27.999999999999999999,3);
INSERT INTO SensorSetItems VALUES(196,509133,6.2000000000000001776,4);
INSERT INTO SensorSetItems VALUES(197,521522,65.0,1);
INSERT INTO SensorSetItems VALUES(198,502793,125.0,2);
INSERT INTO SensorSetItems VALUES(199,175631,27.999999999999999999,3);
INSERT INTO SensorSetItems VALUES(200,714031,6.2000000000000001776,4);
INSERT INTO SensorSetItems VALUES(201,610563,65.0,1);
INSERT INTO SensorSetItems VALUES(202,616593,125.0,2);
INSERT INTO SensorSetItems VALUES(203,728233,27.999999999999999999,3);
INSERT INTO SensorSetItems VALUES(204,509354,6.2000000000000001776,4);
INSERT INTO SensorSetItems VALUES(205,158972,65.0,1);
INSERT INTO SensorSetItems VALUES(206,835634,125.0,2);
INSERT INTO SensorSetItems VALUES(207,777022,27.999999999999999999,3);
INSERT INTO SensorSetItems VALUES(208,648923,6.2000000000000001776,4);
INSERT INTO SensorSetItems VALUES(209,495213,65.0,1);
INSERT INTO SensorSetItems VALUES(210,219382,125.0,2);
INSERT INTO SensorSetItems VALUES(211,885114,27.999999999999999999,3);
INSERT INTO SensorSetItems VALUES(212,704201,6.2000000000000001776,4);
INSERT INTO SensorSetItems VALUES(213,812612,65.0,1);
INSERT INTO SensorSetItems VALUES(214,977011,125.0,2);
INSERT INTO SensorSetItems VALUES(215,719304,27.999999999999999999,3);
INSERT INTO SensorSetItems VALUES(216,139654,6.2000000000000001776,4);
INSERT INTO SensorSetItems VALUES(217,234071,65.0,1);
INSERT INTO SensorSetItems VALUES(218,633353,125.0,2);
INSERT INTO SensorSetItems VALUES(219,65382,27.999999999999999999,3);
INSERT INTO SensorSetItems VALUES(220,207672,6.2000000000000001776,4);
INSERT INTO SensorSetItems VALUES(221,894362,65.0,1);
INSERT INTO SensorSetItems VALUES(222,179752,125.0,2);
INSERT INTO SensorSetItems VALUES(223,226772,27.999999999999999999,3);
INSERT INTO SensorSetItems VALUES(224,50581,6.2000000000000001776,4);
INSERT INTO SensorSetItems VALUES(225,974514,65.0,1);
INSERT INTO SensorSetItems VALUES(226,784854,125.0,2);
INSERT INTO SensorSetItems VALUES(227,47271,27.999999999999999999,3);
INSERT INTO SensorSetItems VALUES(228,169772,6.2000000000000001776,4);
INSERT INTO SensorSetItems VALUES(229,466861,65.0,1);
INSERT INTO SensorSetItems VALUES(230,23174,125.0,2);
INSERT INTO SensorSetItems VALUES(231,286492,27.999999999999999999,3);
INSERT INTO SensorSetItems VALUES(232,923622,6.2000000000000001776,4);
INSERT INTO SensorSetItems VALUES(233,542622,65.0,1);
INSERT INTO SensorSetItems VALUES(234,894843,125.0,2);
INSERT INTO SensorSetItems VALUES(235,287382,27.999999999999999999,3);
INSERT INTO SensorSetItems VALUES(236,980661,6.2000000000000001776,4);
INSERT INTO SensorSetItems VALUES(237,941464,65.0,1);
INSERT INTO SensorSetItems VALUES(238,487524,125.0,2);
INSERT INTO SensorSetItems VALUES(239,474384,27.999999999999999999,3);
INSERT INTO SensorSetItems VALUES(240,757124,6.2000000000000001776,4);
INSERT INTO SensorSetItems VALUES(241,33581,65.0,1);
INSERT INTO SensorSetItems VALUES(242,688941,125.0,2);
INSERT INTO SensorSetItems VALUES(243,465494,27.999999999999999999,3);
INSERT INTO SensorSetItems VALUES(244,935051,6.2000000000000001776,4);
INSERT INTO SensorSetItems VALUES(245,130462,65.0,1);
INSERT INTO SensorSetItems VALUES(246,684901,125.0,2);
INSERT INTO SensorSetItems VALUES(247,274924,27.999999999999999999,3);
INSERT INTO SensorSetItems VALUES(248,364461,6.2000000000000001776,4);
INSERT INTO SensorSetItems VALUES(249,897573,65.0,1);
INSERT INTO SensorSetItems VALUES(250,141322,125.0,2);
INSERT INTO SensorSetItems VALUES(251,981384,27.999999999999999999,3);
INSERT INTO SensorSetItems VALUES(252,647512,6.2000000000000001776,4);
INSERT INTO SensorSetItems VALUES(253,563034,65.0,1);
INSERT INTO SensorSetItems VALUES(254,418534,125.0,2);
INSERT INTO SensorSetItems VALUES(255,659992,27.999999999999999999,3);
INSERT INTO SensorSetItems VALUES(256,494142,6.2000000000000001776,4);
INSERT INTO SensorSetItems VALUES(257,713003,65.0,1);
INSERT INTO SensorSetItems VALUES(258,318131,125.0,2);
INSERT INTO SensorSetItems VALUES(259,382071,27.999999999999999999,3);
INSERT INTO SensorSetItems VALUES(260,147893,6.2000000000000001776,4);
INSERT INTO SensorSetItems VALUES(261,527791,65.0,1);
INSERT INTO SensorSetItems VALUES(262,76363,125.0,2);
INSERT INTO SensorSetItems VALUES(263,329693,27.999999999999999999,3);
INSERT INTO SensorSetItems VALUES(264,272542,6.2000000000000001776,4);
INSERT INTO SensorSetItems VALUES(265,6813,65.0,1);
INSERT INTO SensorSetItems VALUES(266,735143,125.0,2);
INSERT INTO SensorSetItems VALUES(267,993504,27.999999999999999999,3);
INSERT INTO SensorSetItems VALUES(268,693623,6.2000000000000001776,4);
INSERT INTO SensorSetItems VALUES(269,303721,65.0,1);
INSERT INTO SensorSetItems VALUES(270,182084,125.0,2);
INSERT INTO SensorSetItems VALUES(271,246921,27.999999999999999999,3);
INSERT INTO SensorSetItems VALUES(272,435261,6.2000000000000001776,4);
INSERT INTO SensorSetItems VALUES(273,853354,65.0,1);
INSERT INTO SensorSetItems VALUES(274,889794,125.0,2);
INSERT INTO SensorSetItems VALUES(275,336352,27.999999999999999999,3);
INSERT INTO SensorSetItems VALUES(276,273913,6.2000000000000001776,4);
INSERT INTO SensorSetItems VALUES(277,999203,65.0,1);
INSERT INTO SensorSetItems VALUES(278,380774,125.0,2);
INSERT INTO SensorSetItems VALUES(279,316372,27.999999999999999999,3);
INSERT INTO SensorSetItems VALUES(280,719552,6.2000000000000001776,4);
INSERT INTO SensorSetItems VALUES(281,615544,65.0,1);
INSERT INTO SensorSetItems VALUES(282,884761,125.0,2);
INSERT INTO SensorSetItems VALUES(283,276891,27.999999999999999999,3);
INSERT INTO SensorSetItems VALUES(284,723113,6.2000000000000001776,4);
INSERT INTO SensorSetItems VALUES(285,591532,65.0,1);
INSERT INTO SensorSetItems VALUES(286,552301,125.0,2);
INSERT INTO SensorSetItems VALUES(287,405204,27.999999999999999999,3);
INSERT INTO SensorSetItems VALUES(288,396663,6.2000000000000001776,4);
INSERT INTO SensorSetItems VALUES(289,113924,65.0,1);
INSERT INTO SensorSetItems VALUES(290,89321,125.0,2);
INSERT INTO SensorSetItems VALUES(291,265141,27.999999999999999999,3);
INSERT INTO SensorSetItems VALUES(292,536173,6.2000000000000001776,4);
INSERT INTO SensorSetItems VALUES(293,294304,65.0,1);
INSERT INTO SensorSetItems VALUES(294,41144,125.0,2);
INSERT INTO SensorSetItems VALUES(295,706883,27.999999999999999999,3);
INSERT INTO SensorSetItems VALUES(296,246094,6.2000000000000001776,4);
INSERT INTO SensorSetItems VALUES(297,833264,65.0,1);
INSERT INTO SensorSetItems VALUES(298,486782,125.0,2);
INSERT INTO SensorSetItems VALUES(299,976204,27.999999999999999999,3);
INSERT INTO SensorSetItems VALUES(300,872783,6.2000000000000001776,4);
INSERT INTO SensorSetItems VALUES(301,212842,65.0,1);
INSERT INTO SensorSetItems VALUES(302,985904,125.0,2);
INSERT INTO SensorSetItems VALUES(303,443822,27.999999999999999999,3);
INSERT INTO SensorSetItems VALUES(304,671933,6.2000000000000001776,4);
INSERT INTO SensorSetItems VALUES(305,444473,65.0,1);
INSERT INTO SensorSetItems VALUES(306,599582,125.0,2);
INSERT INTO SensorSetItems VALUES(307,957484,27.999999999999999999,3);
INSERT INTO SensorSetItems VALUES(308,692193,6.2000000000000001776,4);
INSERT INTO SensorSetItems VALUES(309,80343,65.0,1);
INSERT INTO SensorSetItems VALUES(310,934514,125.0,2);
INSERT INTO SensorSetItems VALUES(311,947413,27.999999999999999999,3);
INSERT INTO SensorSetItems VALUES(312,983043,6.2000000000000001776,4);
INSERT INTO SensorSetItems VALUES(313,365533,65.0,1);
INSERT INTO SensorSetItems VALUES(314,886163,125.0,2);
INSERT INTO SensorSetItems VALUES(315,406162,27.999999999999999999,3);
INSERT INTO SensorSetItems VALUES(316,536142,6.2000000000000001776,4);
INSERT INTO SensorSetItems VALUES(317,966742,65.0,1);
INSERT INTO SensorSetItems VALUES(318,751203,125.0,2);
INSERT INTO SensorSetItems VALUES(319,357284,27.999999999999999999,3);
INSERT INTO SensorSetItems VALUES(320,816973,6.2000000000000001776,4);
INSERT INTO SensorSetItems VALUES(321,585261,65.0,1);
INSERT INTO SensorSetItems VALUES(322,385891,125.0,2);
INSERT INTO SensorSetItems VALUES(323,564404,27.999999999999999999,3);
INSERT INTO SensorSetItems VALUES(324,214963,6.2000000000000001776,4);
INSERT INTO SensorSetItems VALUES(325,841554,65.0,1);
INSERT INTO SensorSetItems VALUES(326,778102,125.0,2);
INSERT INTO SensorSetItems VALUES(327,51121,27.999999999999999999,3);
INSERT INTO SensorSetItems VALUES(328,714981,6.2000000000000001776,4);
INSERT INTO SensorSetItems VALUES(329,291413,65.0,1);
INSERT INTO SensorSetItems VALUES(330,686672,125.0,2);
INSERT INTO SensorSetItems VALUES(331,636943,27.999999999999999999,3);
INSERT INTO SensorSetItems VALUES(332,735011,6.2000000000000001776,4);
INSERT INTO SensorSetItems VALUES(333,586282,65.0,1);
INSERT INTO SensorSetItems VALUES(334,741592,125.0,2);
INSERT INTO SensorSetItems VALUES(335,69723,27.999999999999999999,3);
INSERT INTO SensorSetItems VALUES(336,4322,6.2000000000000001776,4);
INSERT INTO SensorSetItems VALUES(337,919131,65.0,1);
INSERT INTO SensorSetItems VALUES(338,925432,125.0,2);
INSERT INTO SensorSetItems VALUES(339,852652,27.999999999999999999,3);
INSERT INTO SensorSetItems VALUES(340,112254,6.2000000000000001776,4);
INSERT INTO SensorSetItems VALUES(341,367334,65.0,1);
INSERT INTO SensorSetItems VALUES(342,2713,125.0,2);
INSERT INTO SensorSetItems VALUES(343,243233,27.999999999999999999,3);
INSERT INTO SensorSetItems VALUES(344,10684,6.2000000000000001776,4);
INSERT INTO SensorSetItems VALUES(345,247781,65.0,1);
INSERT INTO SensorSetItems VALUES(346,889711,125.0,2);
INSERT INTO SensorSetItems VALUES(347,430774,27.999999999999999999,3);
INSERT INTO SensorSetItems VALUES(348,462504,6.2000000000000001776,4);
INSERT INTO SensorSetItems VALUES(349,195831,65.0,1);
INSERT INTO SensorSetItems VALUES(350,676683,125.0,2);
INSERT INTO SensorSetItems VALUES(351,581034,27.999999999999999999,3);
INSERT INTO SensorSetItems VALUES(352,207703,6.2000000000000001776,4);
INSERT INTO SensorSetItems VALUES(353,521951,65.0,1);
INSERT INTO SensorSetItems VALUES(354,575892,125.0,2);
INSERT INTO SensorSetItems VALUES(355,468533,27.999999999999999999,3);
INSERT INTO SensorSetItems VALUES(356,863174,6.2000000000000001776,4);
INSERT INTO SensorSetItems VALUES(357,153931,65.0,1);
INSERT INTO SensorSetItems VALUES(358,527254,125.0,2);
INSERT INTO SensorSetItems VALUES(359,419501,27.999999999999999999,3);
INSERT INTO SensorSetItems VALUES(360,928732,6.2000000000000001776,4);
INSERT INTO SensorSetItems VALUES(361,102382,65.0,1);
INSERT INTO SensorSetItems VALUES(362,228241,125.0,2);
INSERT INTO SensorSetItems VALUES(363,297124,27.999999999999999999,3);
INSERT INTO SensorSetItems VALUES(364,340501,6.2000000000000001776,4);
INSERT INTO SensorSetItems VALUES(365,953724,65.0,1);
INSERT INTO SensorSetItems VALUES(366,278822,125.0,2);
INSERT INTO SensorSetItems VALUES(367,991964,27.999999999999999999,3);
INSERT INTO SensorSetItems VALUES(368,612581,6.2000000000000001776,4);
INSERT INTO SensorSetItems VALUES(369,984214,65.0,1);
INSERT INTO SensorSetItems VALUES(370,835581,125.0,2);
INSERT INTO SensorSetItems VALUES(371,852812,27.999999999999999999,3);
INSERT INTO SensorSetItems VALUES(372,907303,6.2000000000000001776,4);
INSERT INTO SensorSetItems VALUES(373,634253,65.0,1);
INSERT INTO SensorSetItems VALUES(374,416772,125.0,2);
INSERT INTO SensorSetItems VALUES(375,764331,27.999999999999999999,3);
INSERT INTO SensorSetItems VALUES(376,105613,6.2000000000000001776,4);
INSERT INTO SensorSetItems VALUES(377,483871,65.0,1);
INSERT INTO SensorSetItems VALUES(378,166041,125.0,2);
INSERT INTO SensorSetItems VALUES(379,581721,27.999999999999999999,3);
INSERT INTO SensorSetItems VALUES(380,251834,6.2000000000000001776,4);
INSERT INTO SensorSetItems VALUES(381,95194,65.0,1);
INSERT INTO SensorSetItems VALUES(382,636154,125.0,2);
INSERT INTO SensorSetItems VALUES(383,179331,27.999999999999999999,3);
INSERT INTO SensorSetItems VALUES(384,933731,6.2000000000000001776,4);
INSERT INTO SensorSetItems VALUES(385,819423,65.0,1);
INSERT INTO SensorSetItems VALUES(386,384903,125.0,2);
INSERT INTO SensorSetItems VALUES(387,396883,27.999999999999999999,3);
INSERT INTO SensorSetItems VALUES(388,105564,6.2000000000000001776,4);
INSERT INTO SensorSetItems VALUES(389,938884,65.0,1);
INSERT INTO SensorSetItems VALUES(390,267252,125.0,2);
INSERT INTO SensorSetItems VALUES(391,871892,27.999999999999999999,3);
INSERT INTO SensorSetItems VALUES(392,53092,6.2000000000000001776,4);
INSERT INTO SensorSetItems VALUES(393,145041,65.0,1);
INSERT INTO SensorSetItems VALUES(394,283412,125.0,2);
INSERT INTO SensorSetItems VALUES(395,224423,27.999999999999999999,3);
INSERT INTO SensorSetItems VALUES(396,704411,6.2000000000000001776,4);
INSERT INTO SensorSetItems VALUES(397,694413,65.0,1);
INSERT INTO SensorSetItems VALUES(398,179451,125.0,2);
INSERT INTO SensorSetItems VALUES(399,485482,27.999999999999999999,3);
INSERT INTO SensorSetItems VALUES(400,725192,6.2000000000000001776,4);
INSERT INTO SensorSetItems VALUES(401,525523,65.0,1);
INSERT INTO SensorSetItems VALUES(402,156211,125.0,2);
INSERT INTO SensorSetItems VALUES(403,171922,27.999999999999999999,3);
INSERT INTO SensorSetItems VALUES(404,732121,6.2000000000000001776,4);
INSERT INTO SensorSetItems VALUES(405,812254,65.0,1);
INSERT INTO SensorSetItems VALUES(406,223573,125.0,2);
INSERT INTO SensorSetItems VALUES(407,513834,27.999999999999999999,3);
INSERT INTO SensorSetItems VALUES(408,125441,6.2000000000000001776,4);
INSERT INTO SensorSetItems VALUES(409,929734,65.0,1);
INSERT INTO SensorSetItems VALUES(410,291471,125.0,2);
INSERT INTO SensorSetItems VALUES(411,532641,27.999999999999999999,3);
INSERT INTO SensorSetItems VALUES(412,917333,6.2000000000000001776,4);
INSERT INTO SensorSetItems VALUES(413,665332,65.0,1);
INSERT INTO SensorSetItems VALUES(414,394672,125.0,2);
INSERT INTO SensorSetItems VALUES(415,16082,27.999999999999999999,3);
INSERT INTO SensorSetItems VALUES(416,448864,6.2000000000000001776,4);
INSERT INTO SensorSetItems VALUES(417,661002,65.0,1);
INSERT INTO SensorSetItems VALUES(418,87164,125.0,2);
INSERT INTO SensorSetItems VALUES(419,522853,27.999999999999999999,3);
INSERT INTO SensorSetItems VALUES(420,536044,6.2000000000000001776,4);
INSERT INTO SensorSetItems VALUES(421,639454,65.0,1);
INSERT INTO SensorSetItems VALUES(422,984993,125.0,2);
INSERT INTO SensorSetItems VALUES(423,577752,27.999999999999999999,3);
INSERT INTO SensorSetItems VALUES(424,968324,6.2000000000000001776,4);
INSERT INTO SensorSetItems VALUES(425,139032,65.0,1);
INSERT INTO SensorSetItems VALUES(426,94942,125.0,2);
INSERT INTO SensorSetItems VALUES(427,872971,27.999999999999999999,3);
INSERT INTO SensorSetItems VALUES(428,60144,6.2000000000000001776,4);
INSERT INTO SensorSetItems VALUES(429,939563,65.0,1);
INSERT INTO SensorSetItems VALUES(430,19461,125.0,2);
INSERT INTO SensorSetItems VALUES(431,634682,27.999999999999999999,3);
INSERT INTO SensorSetItems VALUES(432,318933,6.2000000000000001776,4);
INSERT INTO SensorSetItems VALUES(433,984674,65.0,1);
INSERT INTO SensorSetItems VALUES(434,861064,125.0,2);
INSERT INTO SensorSetItems VALUES(435,761902,27.999999999999999999,3);
INSERT INTO SensorSetItems VALUES(436,58851,6.2000000000000001776,4);
INSERT INTO SensorSetItems VALUES(437,798171,65.0,1);
INSERT INTO SensorSetItems VALUES(438,32691,125.0,2);
INSERT INTO SensorSetItems VALUES(439,107361,27.999999999999999999,3);
INSERT INTO SensorSetItems VALUES(440,455814,6.2000000000000001776,4);
INSERT INTO SensorSetItems VALUES(441,248992,65.0,1);
INSERT INTO SensorSetItems VALUES(442,80362,125.0,2);
INSERT INTO SensorSetItems VALUES(443,80053,27.999999999999999999,3);
INSERT INTO SensorSetItems VALUES(444,99401,6.2000000000000001776,4);
INSERT INTO SensorSetItems VALUES(445,86162,65.0,1);
INSERT INTO SensorSetItems VALUES(446,250442,125.0,2);
INSERT INTO SensorSetItems VALUES(447,212871,27.999999999999999999,3);
INSERT INTO SensorSetItems VALUES(448,436083,6.2000000000000001776,4);
INSERT INTO SensorSetItems VALUES(449,872673,65.0,1);
INSERT INTO SensorSetItems VALUES(450,83052,125.0,2);
INSERT INTO SensorSetItems VALUES(451,280333,27.999999999999999999,3);
INSERT INTO SensorSetItems VALUES(452,652142,6.2000000000000001776,4);
INSERT INTO SensorSetItems VALUES(453,387923,65.0,1);
INSERT INTO SensorSetItems VALUES(454,124204,125.0,2);
INSERT INTO SensorSetItems VALUES(455,820192,27.999999999999999999,3);
INSERT INTO SensorSetItems VALUES(456,343072,6.2000000000000001776,4);
INSERT INTO SensorSetItems VALUES(457,13471,65.0,1);
INSERT INTO SensorSetItems VALUES(458,548622,125.0,2);
INSERT INTO SensorSetItems VALUES(459,920753,27.999999999999999999,3);
INSERT INTO SensorSetItems VALUES(460,74322,6.2000000000000001776,4);
INSERT INTO SensorSetItems VALUES(461,594324,65.0,1);
INSERT INTO SensorSetItems VALUES(462,747604,125.0,2);
INSERT INTO SensorSetItems VALUES(463,871131,27.999999999999999999,3);
INSERT INTO SensorSetItems VALUES(464,879404,6.2000000000000001776,4);
INSERT INTO SensorSetItems VALUES(465,40212,65.0,1);
INSERT INTO SensorSetItems VALUES(466,226621,125.0,2);
INSERT INTO SensorSetItems VALUES(467,867361,27.999999999999999999,3);
INSERT INTO SensorSetItems VALUES(468,767173,6.2000000000000001776,4);
INSERT INTO SensorSetItems VALUES(469,221252,65.0,1);
INSERT INTO SensorSetItems VALUES(470,986594,125.0,2);
INSERT INTO SensorSetItems VALUES(471,412963,27.999999999999999999,3);
INSERT INTO SensorSetItems VALUES(472,382173,6.2000000000000001776,4);
INSERT INTO SensorSetItems VALUES(473,361423,65.0,1);
INSERT INTO SensorSetItems VALUES(474,729474,125.0,2);
INSERT INTO SensorSetItems VALUES(475,944102,27.999999999999999999,3);
INSERT INTO SensorSetItems VALUES(476,641463,6.2000000000000001776,4);
INSERT INTO SensorSetItems VALUES(477,161571,65.0,1);
INSERT INTO SensorSetItems VALUES(478,616412,125.0,2);
INSERT INTO SensorSetItems VALUES(479,637664,27.999999999999999999,3);
INSERT INTO SensorSetItems VALUES(480,79383,6.2000000000000001776,4);
INSERT INTO SensorSetItems VALUES(481,749111,65.0,1);
INSERT INTO SensorSetItems VALUES(482,978914,125.0,2);
INSERT INTO SensorSetItems VALUES(483,87622,27.999999999999999999,3);
INSERT INTO SensorSetItems VALUES(484,475751,6.2000000000000001776,4);
INSERT INTO SensorSetItems VALUES(485,581863,65.0,1);
INSERT INTO SensorSetItems VALUES(486,841254,125.0,2);
INSERT INTO SensorSetItems VALUES(487,789283,27.999999999999999999,3);
INSERT INTO SensorSetItems VALUES(488,427542,6.2000000000000001776,4);
INSERT INTO SensorSetItems VALUES(489,186551,65.0,1);
INSERT INTO SensorSetItems VALUES(490,530604,125.0,2);
INSERT INTO SensorSetItems VALUES(491,955774,27.999999999999999999,3);
INSERT INTO SensorSetItems VALUES(492,628001,6.2000000000000001776,4);
INSERT INTO SensorSetItems VALUES(493,98992,65.0,1);
INSERT INTO SensorSetItems VALUES(494,997713,125.0,2);
INSERT INTO SensorSetItems VALUES(495,531142,27.999999999999999999,3);
INSERT INTO SensorSetItems VALUES(496,843234,6.2000000000000001776,4);
INSERT INTO SensorSetItems VALUES(497,947044,65.0,1);
INSERT INTO SensorSetItems VALUES(498,414332,125.0,2);
INSERT INTO SensorSetItems VALUES(499,856631,27.999999999999999999,3);
INSERT INTO SensorSetItems VALUES(500,84372,6.2000000000000001776,4);
INSERT INTO SensorSetItems VALUES(501,45403,65.0,1);
INSERT INTO SensorSetItems VALUES(502,301552,125.0,2);
INSERT INTO SensorSetItems VALUES(503,97901,27.999999999999999999,3);
INSERT INTO SensorSetItems VALUES(504,875374,6.2000000000000001776,4);
INSERT INTO SensorSetItems VALUES(505,700014,65.0,1);
INSERT INTO SensorSetItems VALUES(506,950251,125.0,2);
INSERT INTO SensorSetItems VALUES(507,239861,27.999999999999999999,3);
INSERT INTO SensorSetItems VALUES(508,550513,6.2000000000000001776,4);
INSERT INTO SensorSetItems VALUES(509,430634,65.0,1);
INSERT INTO SensorSetItems VALUES(510,656053,125.0,2);
INSERT INTO SensorSetItems VALUES(511,434143,27.999999999999999999,3);
INSERT INTO SensorSetItems VALUES(512,745794,6.2000000000000001776,4);
INSERT INTO SensorSetItems VALUES(513,990972,65.0,1);
INSERT INTO SensorSetItems VALUES(514,958483,125.0,2);
INSERT INTO SensorSetItems VALUES(515,705511,27.999999999999999999,3);
INSERT INTO SensorSetItems VALUES(516,589434,6.2000000000000001776,4);
INSERT INTO SensorSetItems VALUES(517,209071,65.0,1);
INSERT INTO SensorSetItems VALUES(518,810572,125.0,2);
INSERT INTO SensorSetItems VALUES(519,219994,27.999999999999999999,3);
INSERT INTO SensorSetItems VALUES(520,900772,6.2000000000000001776,4);
INSERT INTO SensorSetItems VALUES(521,839314,65.0,1);
INSERT INTO SensorSetItems VALUES(522,13324,125.0,2);
INSERT INTO SensorSetItems VALUES(523,329444,27.999999999999999999,3);
INSERT INTO SensorSetItems VALUES(524,556744,6.2000000000000001776,4);
INSERT INTO SensorSetItems VALUES(525,19934,65.0,1);
INSERT INTO SensorSetItems VALUES(526,733081,125.0,2);
INSERT INTO SensorSetItems VALUES(527,702793,27.999999999999999999,3);
INSERT INTO SensorSetItems VALUES(528,737904,6.2000000000000001776,4);
INSERT INTO SensorSetItems VALUES(529,380073,65.0,1);
INSERT INTO SensorSetItems VALUES(530,560861,125.0,2);
INSERT INTO SensorSetItems VALUES(531,889591,27.999999999999999999,3);
INSERT INTO SensorSetItems VALUES(532,411503,6.2000000000000001776,4);
INSERT INTO SensorSetItems VALUES(533,39733,65.0,1);
INSERT INTO SensorSetItems VALUES(534,797323,125.0,2);
INSERT INTO SensorSetItems VALUES(535,820184,27.999999999999999999,3);
INSERT INTO SensorSetItems VALUES(536,172504,6.2000000000000001776,4);
INSERT INTO SensorSetItems VALUES(537,21812,65.0,1);
INSERT INTO SensorSetItems VALUES(538,884684,125.0,2);
INSERT INTO SensorSetItems VALUES(539,829132,27.999999999999999999,3);
INSERT INTO SensorSetItems VALUES(540,373191,6.2000000000000001776,4);
INSERT INTO SensorSetItems VALUES(541,659801,65.0,1);
INSERT INTO SensorSetItems VALUES(542,352631,125.0,2);
INSERT INTO SensorSetItems VALUES(543,650503,27.999999999999999999,3);
INSERT INTO SensorSetItems VALUES(544,181143,6.2000000000000001776,4);
INSERT INTO SensorSetItems VALUES(545,105421,65.0,1);
INSERT INTO SensorSetItems VALUES(546,952774,125.0,2);
INSERT INTO SensorSetItems VALUES(547,76943,27.999999999999999999,3);
INSERT INTO SensorSetItems VALUES(548,694714,6.2000000000000001776,4);
INSERT INTO SensorSetItems VALUES(549,568794,65.0,1);
INSERT INTO SensorSetItems VALUES(550,374223,125.0,2);
INSERT INTO SensorSetItems VALUES(551,52413,27.999999999999999999,3);
INSERT INTO SensorSetItems VALUES(552,364842,6.2000000000000001776,4);
INSERT INTO SensorSetItems VALUES(553,793071,65.0,1);
INSERT INTO SensorSetItems VALUES(554,685412,125.0,2);
INSERT INTO SensorSetItems VALUES(555,399364,27.999999999999999999,3);
INSERT INTO SensorSetItems VALUES(556,804203,6.2000000000000001776,4);
INSERT INTO SensorSetItems VALUES(557,167952,65.0,1);
INSERT INTO SensorSetItems VALUES(558,607661,125.0,2);
INSERT INTO SensorSetItems VALUES(559,17453,27.999999999999999999,3);
INSERT INTO SensorSetItems VALUES(560,44654,6.2000000000000001776,4);
INSERT INTO SensorSetItems VALUES(561,543814,65.0,1);
INSERT INTO SensorSetItems VALUES(562,830132,125.0,2);
INSERT INTO SensorSetItems VALUES(563,32,27.999999999999999999,3);
INSERT INTO SensorSetItems VALUES(564,102413,6.2000000000000001776,4);
INSERT INTO SensorSetItems VALUES(565,898692,65.0,1);
INSERT INTO SensorSetItems VALUES(566,640983,125.0,2);
INSERT INTO SensorSetItems VALUES(567,275453,27.999999999999999999,3);
INSERT INTO SensorSetItems VALUES(568,688632,6.2000000000000001776,4);
INSERT INTO SensorSetItems VALUES(569,209752,65.0,1);
INSERT INTO SensorSetItems VALUES(570,76594,125.0,2);
INSERT INTO SensorSetItems VALUES(571,334202,27.999999999999999999,3);
INSERT INTO SensorSetItems VALUES(572,922241,6.2000000000000001776,4);
INSERT INTO SensorSetItems VALUES(573,922041,65.0,1);
INSERT INTO SensorSetItems VALUES(574,110423,125.0,2);
INSERT INTO SensorSetItems VALUES(575,526323,27.999999999999999999,3);
INSERT INTO SensorSetItems VALUES(576,989881,6.2000000000000001776,4);
INSERT INTO SensorSetItems VALUES(577,710743,65.0,1);
INSERT INTO SensorSetItems VALUES(578,780742,125.0,2);
INSERT INTO SensorSetItems VALUES(579,230402,27.999999999999999999,3);
INSERT INTO SensorSetItems VALUES(580,775092,6.2000000000000001776,4);
INSERT INTO SensorSetItems VALUES(581,551231,65.0,1);
INSERT INTO SensorSetItems VALUES(582,643384,125.0,2);
INSERT INTO SensorSetItems VALUES(583,158744,27.999999999999999999,3);
INSERT INTO SensorSetItems VALUES(584,624284,6.2000000000000001776,4);
INSERT INTO SensorSetItems VALUES(585,560073,65.0,1);
INSERT INTO SensorSetItems VALUES(586,739953,125.0,2);
INSERT INTO SensorSetItems VALUES(587,95892,27.999999999999999999,3);
INSERT INTO SensorSetItems VALUES(588,461732,6.2000000000000001776,4);
INSERT INTO SensorSetItems VALUES(589,172324,65.0,1);
INSERT INTO SensorSetItems VALUES(590,633294,125.0,2);
INSERT INTO SensorSetItems VALUES(591,644883,27.999999999999999999,3);
INSERT INTO SensorSetItems VALUES(592,904801,6.2000000000000001776,4);
INSERT INTO SensorSetItems VALUES(593,245863,65.0,1);
INSERT INTO SensorSetItems VALUES(594,603492,125.0,2);
INSERT INTO SensorSetItems VALUES(595,916532,27.999999999999999999,3);
INSERT INTO SensorSetItems VALUES(596,872662,6.2000000000000001776,4);
INSERT INTO SensorSetItems VALUES(597,328751,65.0,1);
INSERT INTO SensorSetItems VALUES(598,763344,125.0,2);
INSERT INTO SensorSetItems VALUES(599,558074,27.999999999999999999,3);
CREATE TABLE SensorItemDefinition (
    SensorItemID INTEGER PRIMARY KEY,
    SensorDescription varchar(20)  NOT NULL ,
    SensorUnit varchar(10)  NOT NULL
);
INSERT INTO SensorItemDefinition VALUES(1,'Moisture Sensor','%');
INSERT INTO SensorItemDefinition VALUES(2,'Light Sensor','Watt (converted from lumens)');
INSERT INTO SensorItemDefinition VALUES(3,'Thermometer','Celsius');
INSERT INTO SensorItemDefinition VALUES(4,'pH Sensor','pH');
CREATE TABLE IF NOT EXISTS "PlantEncyclopedia" (
	"PlantID"	INTEGER PRIMARY KEY,
	"PlantName"	TEXT NOT NULL,
	"PlantAltName"	TEXT NOT NULL UNIQUE,
	"PrimarySource"	TEXT,
	"SecondarySource"	TEXT,
	"MedicinalRating"	INT,
	"EdibilityRating"	INT,
	"Height"	NUM,
	"Hardiness"	TEXT,
	"GrowthSpeed"	TEXT,
	"Soil"	TEXT,
	"Shade"	TEXT,
	"Moisture"	TEXT
);
INSERT INTO PlantEncyclopedia VALUES(20285,'Argentinian quila','Chusquea quila','Plants for A Future Database','',2,0,5,'6 to 9','','LMH','S','M');
INSERT INTO PlantEncyclopedia VALUES(6149,'Awi Tela','Gigantochloa hasskarliana','Plants for A Future Database','',4,0,10,'10 to 12','F','LMH','SN','M');
INSERT INTO PlantEncyclopedia VALUES(87643,'Bamboo Fern','Coniogramme japonica','Plants for A Future Database','',0,1,0.4000000000000000222,'8 to 11','','LMH','SN','M');
INSERT INTO PlantEncyclopedia VALUES(61756,'Bamboo Lily','Lilium japonicum platyfolium','Plants for A Future Database','',2,2,1,'4 to 8','','LM','SN','M');
INSERT INTO PlantEncyclopedia VALUES(83421,'Bamboo Lily','Lilium japonicum','Plants for A Future Database','',2,2,1,'4 to 8','','LM','SN','M');
INSERT INTO PlantEncyclopedia VALUES(53198,'Bengal Bamboo. Spineless Indian bamboo','Bambusa tulda','Plants for A Future Database','',2,0,15,'10 to 12','F','LMH','SN','M');
INSERT INTO PlantEncyclopedia VALUES(99059,'Berry Bamboo. Mali bamboo','Melocanna baccifera','Plants for A Future Database','',3,2,15,'10 to 12','F','MH','SN','M');
INSERT INTO PlantEncyclopedia VALUES(47286,'Bhalu bans, Bhutan Green Bamboo','Dendrocalamus hookeri','Plants for A Future Database','',2,0,20,'10 to 12','F','LMH','SN','M');
INSERT INTO PlantEncyclopedia VALUES(28715,'Big-Node Bamboo, Broom bamboo','Phyllostachys nidularia','Plants for A Future Database','',5,0,6,'6 to 9','','LMH','SN','M');
INSERT INTO PlantEncyclopedia VALUES(22053,'Black Bamboo, Kuro-Chiku','Phyllostachys nigra','Plants for A Future Database','',4,3,7.5,'7 to 10','F','LMH','S','M');
INSERT INTO PlantEncyclopedia VALUES(25809,'Black Bamboo. Giant Black bamboo','Gigantochloa atroviolacea','Plants for A Future Database','',2,0,12,'9 to 11','M','LMH','SN','M');
INSERT INTO PlantEncyclopedia VALUES(56829,'Bulo semilang, Buloh seremai, Bolo','Gigantochloa levis','Plants for A Future Database','',3,2,15,'9 to 10','F','LMH','SN','M');
INSERT INTO PlantEncyclopedia VALUES(5066,'Burmese bamboo, Jama Betua','Bambusa polymorpha','Plants for A Future Database','',2,0,12,'9 to 12','F','LMH','SN','M');
INSERT INTO PlantEncyclopedia VALUES(9318,'Canebrake bamboo, Cane Reed, Giant cane','Arundinaria gigantea','Plants for A Future Database','',3,1,9,'5 to 9','','LMH','FSN','M');
INSERT INTO PlantEncyclopedia VALUES(8400,'Clumping Bamboo','Bambusa pervariabilis','Plants for A Future Database','',3,0,8,'9 to 11','F','LMH','SN','M');
INSERT INTO PlantEncyclopedia VALUES(55395,'Clumping Bamboo','Gigantochloa balui','Plants for A Future Database','',2,0,10,'10 to 12','F','LMH','N','M');
INSERT INTO PlantEncyclopedia VALUES(30513,'Clumping Bamboo, white bamboo, tropical blue bamboo','Lingnania chungii','Plants for A Future Database','',0,0,8,'9 to 11','F','LMH','SN','M');
INSERT INTO PlantEncyclopedia VALUES(57709,'Clumping Bamboo. Guadua','Guadua angustifolia','Plants for A Future Database','',0,0,25,'10 to 12','F','LMH','SN','M');
INSERT INTO PlantEncyclopedia VALUES(95958,'Clumping Bamboo. Long pipe bamboo.','Bambusa atra','Plants for A Future Database','',2,0,8,'10 to 12','F','LMH','N','MWe');
INSERT INTO PlantEncyclopedia VALUES(34741,'Clumping Bamboo. Weaver''s bamboo','Bambusa textilis','Plants for A Future Database','',3,0,8,'7 to 11','F','LMH','SN','M');
INSERT INTO PlantEncyclopedia VALUES(95055,'Clumping bamboo','Gigantochloa albociliata','Plants for A Future Database','',3,0,12,'10 to 11','F','LMH','SN','M');
INSERT INTO PlantEncyclopedia VALUES(99103,'Common Bamboo','Bambusa vulgaris','Plants for A Future Database','',3,2,20,'9 to 12','F','LMH','SN','M');
INSERT INTO PlantEncyclopedia VALUES(68794,'Culeu','Chusquea culeou','Plants for A Future Database','',2,0,5,'6 to 9','F','LMH','S','M');
INSERT INTO PlantEncyclopedia VALUES(80621,'Dwarf Fern-Leaf Bamboo, Pigmy Bamboo','Pleioblastus pygmaeus','Plants for A Future Database','',0,0,0.29999999999999998889,'7 to 10','F','LMH','SN','M');
INSERT INTO PlantEncyclopedia VALUES(47304,'Dwarf White-Striped Bamboo, Chigo Zasa, Dwarf White Stripe Bamboo','Pleioblastus variegatus','Plants for A Future Database','',0,0,0.8000000000000000444,'7 to 10','F','LMH','SN','M');
INSERT INTO PlantEncyclopedia VALUES(90079,'Elephant grass, Clumping Bamboo','Ochlandra spp.','Plants for A Future Database','',0,0,6,'10 to 12','F','LMH','SN','M');
INSERT INTO PlantEncyclopedia VALUES(97028,'Fountain Bamboo','Fargesia nitida','Plants for A Future Database','',0,0,4,'4 to 8','S','LMH','FSN','M');
INSERT INTO PlantEncyclopedia VALUES(40510,'Giant Bamboo, Bhalu bans, Dhungre bans','Dendrocalamus giganteus','Plants for A Future Database','',2,1,30,'9 to 12','F','LMH','SN','M');
INSERT INTO PlantEncyclopedia VALUES(95375,'Giant Bamboo, Dragon bamboo, Sweet bamboo','Dendrocalamus asper','Plants for A Future Database','',4,0,15,'10 to 12','F','LMH','N','M');
INSERT INTO PlantEncyclopedia VALUES(81362,'Giant Thorny Bamboo','Bambusa bambos','Plants for A Future Database','',3,3,30,'10 to 12','F','MH','SN','M');
INSERT INTO PlantEncyclopedia VALUES(524,'Giant Timber Bamboo, Running giant bamboo','Phyllostachys vivax','Plants for A Future Database','',3,0,10,'7 to 10','F','LMH','S','M');
INSERT INTO PlantEncyclopedia VALUES(37651,'Golden Bamboo, Fishpole Bamboo','Phyllostachys aurea','Plants for A Future Database','',5,0,6,'6 to 11','F','LMH','S','M');
INSERT INTO PlantEncyclopedia VALUES(77959,'Greenwax golden bamboo','Phyllostachys viridiglaucescens','Plants for A Future Database','',4,0,6,'6 to 9','','LMH','S','M');
INSERT INTO PlantEncyclopedia VALUES(59598,'Ha-Chiku','Phyllostachys nigra henonis','Plants for A Future Database','',4,3,6,'6 to 9','','LMH','S','M');
INSERT INTO PlantEncyclopedia VALUES(93495,'Half-Black Bamboo','Phyllostachys arcana','Plants for A Future Database','',3,0,6,'7 to 10','','LMH','SN','M');
INSERT INTO PlantEncyclopedia VALUES(61799,'Hedge Bamboo, Chinese Goddess Bamboo','Bambusa multiplex','Plants for A Future Database','',2,0,4.5,'8 to 11','F','LM','SN','M');
INSERT INTO PlantEncyclopedia VALUES(1216,'Japanese Knotweed, Mexican Bamboo, Japanese Knotweed','Polygonum japonicum','Plants for A Future Database','',3,3,3,'4 to 10','F','LMH','SN','M');
INSERT INTO PlantEncyclopedia VALUES(712,'Kan-Chiku','Chimonobambusa marmorea','Plants for A Future Database','',1,0,1.5,'5 to 9','F','LMH','SN','M');
INSERT INTO PlantEncyclopedia VALUES(42068,'Kei-Chiku, Makino bamboo','Phyllostachys makinoi','Plants for A Future Database','',3,0,6,'7 to 10','','LMH','SN','M');
INSERT INTO PlantEncyclopedia VALUES(83763,'Kou-Chiku','Phyllostachys sulphurea viridis','Plants for A Future Database','',4,0,4,'6 to 9','','LMH','SN','DM');
INSERT INTO PlantEncyclopedia VALUES(14130,'Kurodake','Phyllostachys nigra punctata','Plants for A Future Database','',4,3,6,'6 to 9','','LMH','S','M');
INSERT INTO PlantEncyclopedia VALUES(69270,'Madake, Japanese timber bamboo','Phyllostachys bambusoides','Plants for A Future Database','',4,1,8,'6 to 9','','LMH','S','M');
INSERT INTO PlantEncyclopedia VALUES(77812,'Malay Dwarf Green','Bambusa heterostachya','Plants for A Future Database','',0,0,8,'10 to 12','F','LMH','SN','M');
INSERT INTO PlantEncyclopedia VALUES(78347,'Male Bamboo. Calcutta Stricta or Bamboo','Dendrocalamus strictus','Plants for A Future Database','',3,1,15,'9 to 12','F','LMH','SN','DM');
INSERT INTO PlantEncyclopedia VALUES(43256,'Medake, Simon bamboo','Pleioblastus simonii','Plants for A Future Database','',3,0,6,'5 to 9','F','LMH','SN','M');
INSERT INTO PlantEncyclopedia VALUES(91211,'Metake - Bamboo','Pseudosasa japonica','Plants for A Future Database','',2,1,4.5,'5 to 9','','LMH','FSN','MWe');
INSERT INTO PlantEncyclopedia VALUES(88594,'Meyer Bamboo','Phyllostachys meyeri','Plants for A Future Database','',0,0,5,'7 to 10','F','LMH','SN','M');
INSERT INTO PlantEncyclopedia VALUES(53452,'Moso-Chiku, Tortoise shell bamboo','Phyllostachys edulis','Plants for A Future Database','',4,1,8,'6 to 10','','LMH','S','M');
INSERT INTO PlantEncyclopedia VALUES(33027,'Nodding Bamboo, Mai bong','Bambusa nutans','Plants for A Future Database','',2,0,12,'9 to 10','F','LMH','SN','M');
INSERT INTO PlantEncyclopedia VALUES(88723,'Odashimae Bamboo','Bambusa odashimae','Plants for A Future Database','',4,0,15,'9 to 12','F','LMH','SN','M');
INSERT INTO PlantEncyclopedia VALUES(18556,'Ougon-Kouchiku, Sulphur bamboo','Phyllostachys sulphurea','Plants for A Future Database','',0,0,6,'6 to 9','','LMH','SN','DM');
INSERT INTO PlantEncyclopedia VALUES(45256,'Padang','Himalayacalamus hookerianus','Plants for A Future Database','',2,0,9,'7 to 10','F','LMH','SN','M');
INSERT INTO PlantEncyclopedia VALUES(5901,'Pigmy Bamboo, Dwarf Fern Leaf Bamboo','Pleioblastus pygmaeus distichus','Plants for A Future Database','',0,0,0.8000000000000000444,'7 to 10','F','LMH','SN','M');
INSERT INTO PlantEncyclopedia VALUES(54566,'Reddish bamboo','Phyllostachys rubromarginata','Plants for A Future Database','',3,0,8,'7 to 10','F','LMH','SN','M');
INSERT INTO PlantEncyclopedia VALUES(77664,'Ringal','Drepanostachyum falcatum','Plants for A Future Database','',2,0,3.5,'7 to 10','S','LM','S','M');
INSERT INTO PlantEncyclopedia VALUES(16181,'Running Bamboo','Arundinaria spp','Plants for A Future Database','',3,1,10,'4 to 10','F','LMH','FSN','M');
INSERT INTO PlantEncyclopedia VALUES(43097,'Ryoku-Chiku, Giant Timber Bamboo, Oldham''s Bamboo','Bambusa oldhamii','Plants for A Future Database','',2,0,6,'9 to 12','','LMH','SN','M');
INSERT INTO PlantEncyclopedia VALUES(48322,'Sacred Bamboo, Heavenly Bamboo','Nandina domestica','Plants for A Future Database','',1,2,2.5,'6 to 9','M','LMH','N','M');
INSERT INTO PlantEncyclopedia VALUES(19031,'Savanah Bamboo','Oxytenanthera abyssynica','Plants for A Future Database','',2,2,12,'10 to 12','F','LMH','N','DM');
INSERT INTO PlantEncyclopedia VALUES(70670,'Spiny Bamboo. Spiny bamboo, Thorny bamboo','Bambusa blumeana','Plants for A Future Database','',2,0,20,'10 to 12','F','MH','N','M');
INSERT INTO PlantEncyclopedia VALUES(83571,'Square Bamboo','Chimonobambusa quadrangularis','Plants for A Future Database','',2,0,3,'5 to 9','','LMH','S','M');
INSERT INTO PlantEncyclopedia VALUES(99934,'Stone Bamboo','Phyllostachys angusta','Plants for A Future Database','',3,0,5,'7 to 10','M','LMH','SN','M');
INSERT INTO PlantEncyclopedia VALUES(23041,'Sweet Bamboo, Sweet bamboo shoot, Taiwan giant bamboo','Dendrocalamus latiflorus','Plants for A Future Database','',4,0,20,'10 to 12','F','LMH','N','M');
INSERT INTO PlantEncyclopedia VALUES(8431,'Sweetshoot Bamboo','Phyllostachys dulcis','Plants for A Future Database','',4,0,7,'7 to 10','F','LMH','SN','M');
INSERT INTO PlantEncyclopedia VALUES(19648,'Tama Bamboo. Tufted bamboo','Dendrocalamus hamiltonii','Plants for A Future Database','',3,0,15,'10 to 12','F','LMH','SN','M');
INSERT INTO PlantEncyclopedia VALUES(67193,'Thorny Bamboo','Chimonobambusa pachystachys','Plants for A Future Database','',1,0,5,' to ','','LMH','SN','M');
INSERT INTO PlantEncyclopedia VALUES(9771,'Tinwa Bamboo','Cephalostachyum pergracile','Plants for A Future Database','',3,0,10,'10 to 12','S','LMH','SN','M');
INSERT INTO PlantEncyclopedia VALUES(53937,'Tonkin Bamboo','Pseudosasa amabilis','Plants for A Future Database','',0,0,6,'5 to 9','','LMH','FSN','M');
INSERT INTO PlantEncyclopedia VALUES(10230,'Velvet Leaf Bamboo, Clumping Bamboo','Dendrocalamus brandesii','Plants for A Future Database','',3,0,25,'9 to 10','F','LMH','N','M');
INSERT INTO PlantEncyclopedia VALUES(54548,'Watho. Tabashir Bamboo','Gigantochloa apus','Plants for A Future Database','',2,0,20,'9 to 11','F','LMH','SN','M');
INSERT INTO PlantEncyclopedia VALUES(28800,'White bamboo','Dendrocalamus membranaceus','Plants for A Future Database','',3,0,15,'10 to 12','F','LMH','SN','DM');
INSERT INTO PlantEncyclopedia VALUES(6660,'Whorled bamboo, Giant stripy bamboo','Gigantochloa verticillata','Plants for A Future Database','',3,0,15,'10 to 12','F','LM','N','M');
INSERT INTO PlantEncyclopedia VALUES(44619,'Yellow-Groove Bamboo','Phyllostachys aureosulcata','Plants for A Future Database','',4,0,6,'5 to 9','','LMH','SN','M');
INSERT INTO PlantEncyclopedia VALUES(82149,'Zig-Zag Bamboo, Drooping timber bamboo','Phyllostachys flexuosa','Plants for A Future Database','',3,0,6,'5 to 9','','LMH','S','M');
CREATE TABLE PlotInfo (PlotID INT NOT NULL UNIQUE, PlotName varchar (60) NOT NULL, UserID INT NOT NULL, DateCreated VARCHAR NOT NULL, PlotTypeID INT NOT NULL, SensorSetID INT NOT NULL, PlantID INT NOT NULL, PRIMARY KEY (PlotID));
INSERT INTO PlotInfo VALUES(93368,'Anya''s garden',53,'12/18/2019',3,933683,83763);
INSERT INTO PlotInfo VALUES(56560,'Bernarr''s garden',238,'8/24/2019',3,565604,30513);
INSERT INTO PlotInfo VALUES(40411,'Trixi''s garden',158,'5/24/2019',2,404113,44619);
INSERT INTO PlotInfo VALUES(28868,'Rosalind''s garden',151,'2/20/2019',1,288681,10230);
INSERT INTO PlotInfo VALUES(24062,'Cam''s garden',218,'8/22/2019',2,240622,37651);
INSERT INTO PlotInfo VALUES(33315,'Valli''s garden',221,'6/19/2019',2,333154,8431);
INSERT INTO PlotInfo VALUES(20993,'Hurleigh''s garden',232,'10/20/2019',3,209934,93495);
INSERT INTO PlotInfo VALUES(38746,'Rollin''s garden',97,'1/18/2019',2,387464,33027);
INSERT INTO PlotInfo VALUES(88318,'Anna-maria''s garden',116,'5/22/2019',1,883181,28800);
INSERT INTO PlotInfo VALUES(70507,'Ennis''s garden',194,'11/9/2019',3,705071,70670);
INSERT INTO PlotInfo VALUES(55930,'Devonne''s garden',181,'7/21/2019',3,559302,54548);
INSERT INTO PlotInfo VALUES(29769,'Meredithe''s garden',221,'2/6/2019',3,297693,83571);
INSERT INTO PlotInfo VALUES(53348,'Wylie''s garden',176,'12/12/2019',3,533482,28715);
INSERT INTO PlotInfo VALUES(49819,'Audra''s garden',226,'2/23/2019',3,498193,78347);
INSERT INTO PlotInfo VALUES(27732,'Grier''s garden',225,'12/8/2019',2,277321,9771);
INSERT INTO PlotInfo VALUES(40391,'Noak''s garden',122,'5/11/2019',2,403911,5901);
INSERT INTO PlotInfo VALUES(61824,'Walt''s garden',36,'7/17/2019',1,618242,55395);
INSERT INTO PlotInfo VALUES(69038,'Gery''s garden',11,'4/3/2019',2,690383,95375);
INSERT INTO PlotInfo VALUES(35030,'Trey''s garden',147,'1/9/2019',1,350302,43097);
INSERT INTO PlotInfo VALUES(4875,'Fidel''s garden',225,'5/6/2019',1,48754,54566);
INSERT INTO PlotInfo VALUES(1681,'Drugi''s garden',115,'12/9/2019',1,16813,53198);
INSERT INTO PlotInfo VALUES(44334,'Olivette''s garden',66,'8/1/2019',1,443343,8431);
INSERT INTO PlotInfo VALUES(70825,'Lindie''s garden',2,'11/14/2019',3,708251,57709);
INSERT INTO PlotInfo VALUES(45449,'Rhea''s garden',183,'7/27/2019',1,454491,77664);
INSERT INTO PlotInfo VALUES(18289,'Josey''s garden',37,'6/10/2019',2,182891,95958);
INSERT INTO PlotInfo VALUES(19186,'Rani''s garden',86,'1/24/2019',2,191864,97028);
INSERT INTO PlotInfo VALUES(41494,'Jerad''s garden',137,'12/3/2019',2,414944,70670);
INSERT INTO PlotInfo VALUES(43170,'Joellen''s garden',12,'7/21/2019',1,431702,95055);
INSERT INTO PlotInfo VALUES(46660,'Emalee''s garden',244,'4/8/2019',3,466604,90079);
INSERT INTO PlotInfo VALUES(75366,'Etan''s garden',8,'10/6/2019',3,753662,18556);
INSERT INTO PlotInfo VALUES(44918,'Dru''s garden',130,'7/28/2019',1,449182,44619);
INSERT INTO PlotInfo VALUES(74518,'Flossie''s garden',211,'10/28/2019',1,745184,91211);
INSERT INTO PlotInfo VALUES(24548,'Trumaine''s garden',200,'1/15/2019',1,245481,81362);
INSERT INTO PlotInfo VALUES(43307,'Portia''s garden',31,'8/7/2019',1,433071,55395);
INSERT INTO PlotInfo VALUES(93455,'Phillie''s garden',96,'3/16/2019',3,934552,43256);
INSERT INTO PlotInfo VALUES(83356,'Brendan''s garden',163,'2/28/2019',3,833561,77812);
INSERT INTO PlotInfo VALUES(77119,'Margie''s garden',220,'1/7/2019',2,771193,68794);
INSERT INTO PlotInfo VALUES(30172,'Adina''s garden',201,'4/8/2019',1,301721,5066);
INSERT INTO PlotInfo VALUES(54564,'Maxi''s garden',159,'6/30/2019',2,545643,22053);
INSERT INTO PlotInfo VALUES(20496,'Aubree''s garden',76,'2/15/2019',2,204961,83571);
INSERT INTO PlotInfo VALUES(50007,'Reggie''s garden',233,'10/23/2019',1,500072,53937);
INSERT INTO PlotInfo VALUES(32188,'Lorenza''s garden',81,'8/13/2019',3,321882,14130);
INSERT INTO PlotInfo VALUES(30119,'Belia''s garden',128,'5/8/2019',3,301191,83421);
INSERT INTO PlotInfo VALUES(20529,'Gregg''s garden',13,'3/11/2019',3,205292,88723);
INSERT INTO PlotInfo VALUES(56730,'Susy''s garden',188,'6/5/2019',1,567301,19648);
INSERT INTO PlotInfo VALUES(58654,'Mechelle''s garden',70,'7/27/2019',2,586543,99059);
INSERT INTO PlotInfo VALUES(4489,'Giulio''s garden',110,'6/4/2019',1,44891,45256);
INSERT INTO PlotInfo VALUES(26914,'Mureil''s garden',71,'11/30/2019',1,269142,20285);
INSERT INTO PlotInfo VALUES(46130,'Hort''s garden',84,'9/14/2019',3,461304,9318);
INSERT INTO PlotInfo VALUES(6204,'Fidela''s garden',100,'3/21/2019',1,62041,47304);
INSERT INTO PlotInfo VALUES(21624,'Isa''s garden',185,'12/12/2019',1,216241,30513);
INSERT INTO PlotInfo VALUES(63117,'Nicola''s garden',206,'12/18/2019',2,631172,9771);
INSERT INTO PlotInfo VALUES(13310,'Tedd''s garden',35,'12/30/2019',1,133102,87643);
INSERT INTO PlotInfo VALUES(6611,'Vernice''s garden',80,'12/3/2019',2,66113,56829);
INSERT INTO PlotInfo VALUES(25480,'Millard''s garden',20,'11/23/2019',1,254802,34741);
INSERT INTO PlotInfo VALUES(18973,'Marna''s garden',95,'4/26/2019',3,189732,82149);
INSERT INTO PlotInfo VALUES(69485,'Eugenio''s garden',246,'3/6/2019',2,694851,88594);
INSERT INTO PlotInfo VALUES(66994,'Tamara''s garden',234,'10/9/2019',1,669944,80621);
INSERT INTO PlotInfo VALUES(77614,'Alie''s garden',81,'4/24/2019',3,776142,5901);
INSERT INTO PlotInfo VALUES(97183,'Brandy''s garden',177,'8/6/2019',1,971834,69270);
INSERT INTO PlotInfo VALUES(23768,'Neal''s garden',19,'1/3/2019',2,237683,28800);
INSERT INTO PlotInfo VALUES(87716,'Royal''s garden',140,'11/22/2019',1,877163,524);
INSERT INTO PlotInfo VALUES(70644,'Teodor''s garden',250,'1/6/2019',1,706442,95375);
INSERT INTO PlotInfo VALUES(61490,'Marcelia''s garden',123,'11/17/2019',1,614902,19031);
INSERT INTO PlotInfo VALUES(61122,'Marysa''s garden',245,'4/26/2019',3,611224,54548);
INSERT INTO PlotInfo VALUES(52932,'Erinna''s garden',116,'5/29/2019',2,529323,23041);
INSERT INTO PlotInfo VALUES(77270,'Donnell''s garden',210,'3/29/2019',3,772702,28715);
INSERT INTO PlotInfo VALUES(79793,'Erminia''s garden',181,'12/30/2019',3,797934,1216);
INSERT INTO PlotInfo VALUES(83870,'Ivette''s garden',124,'1/5/2019',3,838704,6660);
INSERT INTO PlotInfo VALUES(30314,'Nikolaus''s garden',72,'10/8/2019',1,303144,99103);
INSERT INTO PlotInfo VALUES(63159,'Barnard''s garden',210,'8/18/2019',3,631591,61756);
INSERT INTO PlotInfo VALUES(42529,'Sherlocke''s garden',144,'9/3/2019',3,425294,83763);
INSERT INTO PlotInfo VALUES(21875,'Innis''s garden',164,'10/27/2019',2,218752,16181);
INSERT INTO PlotInfo VALUES(50211,'Bone''s garden',64,'6/14/2019',3,502113,6149);
INSERT INTO PlotInfo VALUES(75462,'Sherlock''s garden',235,'10/23/2019',3,754621,42068);
INSERT INTO PlotInfo VALUES(632,'Farley''s garden',122,'6/3/2019',2,6321,40510);
INSERT INTO PlotInfo VALUES(8935,'Josefa''s garden',228,'11/11/2019',1,89354,78347);
INSERT INTO PlotInfo VALUES(35368,'Anett''s garden',187,'9/22/2019',3,353683,37651);
INSERT INTO PlotInfo VALUES(30747,'Esra''s garden',53,'7/21/2019',2,307473,33027);
INSERT INTO PlotInfo VALUES(15851,'Frankie''s garden',91,'8/18/2019',3,158514,712);
INSERT INTO PlotInfo VALUES(84453,'Kilian''s garden',46,'8/19/2019',1,844533,25809);
INSERT INTO PlotInfo VALUES(52054,'Timotheus''s garden',226,'11/5/2019',2,520541,93495);
INSERT INTO PlotInfo VALUES(12492,'Nettie''s garden',61,'8/19/2019',2,124921,54566);
INSERT INTO PlotInfo VALUES(18591,'Pearline''s garden',151,'11/10/2019',3,185912,67193);
INSERT INTO PlotInfo VALUES(12763,'Peder''s garden',162,'7/21/2019',1,127632,8400);
INSERT INTO PlotInfo VALUES(52501,'Ursula''s garden',204,'4/2/2019',1,525011,53452);
INSERT INTO PlotInfo VALUES(57392,'Der''s garden',46,'7/7/2019',1,573924,77959);
INSERT INTO PlotInfo VALUES(44389,'Killie''s garden',79,'12/27/2019',1,443892,48322);
INSERT INTO PlotInfo VALUES(30078,'Karie''s garden',117,'5/3/2019',2,300784,99934);
INSERT INTO PlotInfo VALUES(34614,'Nonna''s garden',187,'3/7/2019',2,346144,59598);
INSERT INTO PlotInfo VALUES(63002,'Todd''s garden',136,'3/17/2019',3,630022,47286);
INSERT INTO PlotInfo VALUES(12844,'Duane''s garden',105,'3/4/2019',2,128441,43097);
INSERT INTO PlotInfo VALUES(68883,'Jerri''s garden',16,'5/13/2019',3,688831,10230);
INSERT INTO PlotInfo VALUES(96707,'Kerr''s garden',176,'9/4/2019',3,967073,83763);
INSERT INTO PlotInfo VALUES(8231,'Salomon''s garden',187,'4/12/2019',2,82312,30513);
INSERT INTO PlotInfo VALUES(56238,'Adam''s garden',217,'11/12/2019',3,562383,44619);
INSERT INTO PlotInfo VALUES(16828,'Nicholas''s garden',215,'11/20/2019',3,168284,10230);
INSERT INTO PlotInfo VALUES(69488,'Timotheus''s garden',5,'10/27/2019',1,694884,37651);
INSERT INTO PlotInfo VALUES(97405,'Lilias''s garden',5,'7/24/2019',2,974053,8431);
INSERT INTO PlotInfo VALUES(77533,'Geoffry''s garden',228,'6/25/2019',3,775331,93495);
INSERT INTO PlotInfo VALUES(808,'Rickert''s garden',127,'6/25/2019',1,8082,33027);
INSERT INTO PlotInfo VALUES(13545,'Ad''s garden',244,'4/12/2019',1,135452,28800);
INSERT INTO PlotInfo VALUES(93838,'Kelcey''s garden',139,'2/3/2019',2,938384,70670);
INSERT INTO PlotInfo VALUES(55271,'Celine''s garden',86,'11/13/2019',1,552712,54548);
INSERT INTO PlotInfo VALUES(62035,'Ladonna''s garden',181,'6/30/2019',3,620353,83571);
INSERT INTO PlotInfo VALUES(39263,'Tamra''s garden',187,'2/18/2019',3,392634,28715);
INSERT INTO PlotInfo VALUES(70756,'Meade''s garden',211,'11/17/2019',1,707563,78347);
INSERT INTO PlotInfo VALUES(51730,'Andrus''s garden',151,'9/30/2019',3,517302,9771);
INSERT INTO PlotInfo VALUES(5428,'Gleda''s garden',132,'3/15/2019',2,54282,5901);
INSERT INTO PlotInfo VALUES(9053,'Ruby''s garden',16,'12/21/2019',3,90533,55395);
INSERT INTO PlotInfo VALUES(60715,'Kalina''s garden',5,'4/28/2019',2,607152,95375);
INSERT INTO PlotInfo VALUES(88953,'Willi''s garden',80,'1/17/2019',2,889534,43097);
INSERT INTO PlotInfo VALUES(3983,'Molli''s garden',52,'6/24/2019',1,39832,54566);
INSERT INTO PlotInfo VALUES(60692,'Lin''s garden',145,'1/29/2019',1,606921,53198);
INSERT INTO PlotInfo VALUES(58595,'Danella''s garden',19,'4/6/2019',3,585952,8431);
INSERT INTO PlotInfo VALUES(34990,'Olag''s garden',55,'9/7/2019',1,349902,57709);
INSERT INTO PlotInfo VALUES(77619,'Cosmo''s garden',79,'7/22/2019',2,776192,77664);
INSERT INTO PlotInfo VALUES(9374,'Gay''s garden',223,'3/15/2019',3,93741,95958);
INSERT INTO PlotInfo VALUES(81813,'Jozef''s garden',169,'1/19/2019',2,818132,97028);
INSERT INTO PlotInfo VALUES(94837,'Claudian''s garden',103,'7/30/2019',3,948372,70670);
INSERT INTO PlotInfo VALUES(63995,'Giff''s garden',62,'12/8/2019',2,639951,95055);
INSERT INTO PlotInfo VALUES(33336,'Vicky''s garden',98,'1/8/2019',3,333364,90079);
INSERT INTO PlotInfo VALUES(6730,'Thaxter''s garden',2,'4/17/2019',3,67304,18556);
INSERT INTO PlotInfo VALUES(67654,'Astra''s garden',169,'6/16/2019',3,676541,44619);
INSERT INTO PlotInfo VALUES(26158,'Janos''s garden',232,'1/3/2019',1,261581,91211);
INSERT INTO PlotInfo VALUES(31238,'Fern''s garden',124,'8/30/2019',3,312381,81362);
INSERT INTO PlotInfo VALUES(86721,'Gottfried''s garden',246,'7/15/2019',3,867213,55395);
INSERT INTO PlotInfo VALUES(72850,'Bobby''s garden',120,'9/19/2019',3,728501,43256);
INSERT INTO PlotInfo VALUES(57615,'Karry''s garden',247,'2/25/2019',2,576151,77812);
INSERT INTO PlotInfo VALUES(47542,'Hildegaard''s garden',25,'1/15/2019',2,475422,68794);
INSERT INTO PlotInfo VALUES(30359,'Shana''s garden',212,'12/12/2019',2,303594,5066);
INSERT INTO PlotInfo VALUES(83318,'Hoebart''s garden',124,'3/28/2019',1,833181,22053);
INSERT INTO PlotInfo VALUES(9408,'Benson''s garden',49,'3/21/2019',2,94082,83571);
INSERT INTO PlotInfo VALUES(76459,'Cherish''s garden',107,'1/22/2019',1,764594,53937);
INSERT INTO PlotInfo VALUES(35863,'Eloise''s garden',6,'3/13/2019',2,358634,14130);
INSERT INTO PlotInfo VALUES(98090,'Dayna''s garden',239,'5/31/2019',3,980904,83421);
INSERT INTO PlotInfo VALUES(72961,'Freeland''s garden',132,'7/3/2019',3,729614,88723);
INSERT INTO PlotInfo VALUES(15808,'Marv''s garden',44,'8/7/2019',2,158083,19648);
INSERT INTO PlotInfo VALUES(3654,'Lenka''s garden',52,'8/13/2019',1,36543,99059);
INSERT INTO PlotInfo VALUES(9220,'Tudor''s garden',190,'2/22/2019',3,92204,45256);
INSERT INTO PlotInfo VALUES(87017,'Mayne''s garden',2,'1/18/2019',2,870174,20285);
INSERT INTO PlotInfo VALUES(48429,'Aluin''s garden',170,'3/8/2019',2,484293,9318);
INSERT INTO PlotInfo VALUES(27461,'Arielle''s garden',41,'1/21/2019',2,274614,47304);
INSERT INTO PlotInfo VALUES(60856,'Jacquelin''s garden',186,'1/10/2019',1,608561,30513);
INSERT INTO PlotInfo VALUES(78246,'Ban''s garden',11,'10/24/2019',2,782461,9771);
INSERT INTO PlotInfo VALUES(8814,'Roderick''s garden',32,'12/29/2019',2,88142,87643);
INSERT INTO PlotInfo VALUES(82364,'Livia''s garden',244,'9/5/2019',3,823641,56829);
INSERT INTO PlotInfo VALUES(89406,'Paola''s garden',230,'8/29/2019',2,894063,34741);
INSERT INTO PlotInfo VALUES(64547,'Darla''s garden',218,'9/8/2019',3,645472,82149);
INSERT INTO PlotInfo VALUES(47546,'Kevina''s garden',108,'12/23/2019',1,475461,88594);
INSERT INTO PlotInfo VALUES(7818,'Kennith''s garden',242,'8/24/2019',1,78181,80621);
INSERT INTO PlotInfo VALUES(53679,'Verla''s garden',21,'3/5/2019',3,536791,5901);
INSERT INTO PlotInfo VALUES(9879,'Ardine''s garden',156,'4/25/2019',2,98791,69270);
INSERT INTO PlotInfo VALUES(88524,'Dominik''s garden',212,'11/11/2019',1,885241,28800);
INSERT INTO PlotInfo VALUES(76424,'Merna''s garden',103,'2/7/2019',1,764243,524);
INSERT INTO PlotInfo VALUES(25354,'Cornie''s garden',174,'6/5/2019',2,253544,95375);
INSERT INTO PlotInfo VALUES(99245,'Amitie''s garden',96,'11/4/2019',2,992452,19031);
INSERT INTO PlotInfo VALUES(58791,'Pattie''s garden',96,'12/4/2019',1,587912,54548);
INSERT INTO PlotInfo VALUES(37863,'Gillan''s garden',88,'10/13/2019',3,378631,23041);
INSERT INTO PlotInfo VALUES(47157,'Ariel''s garden',178,'2/4/2019',1,471573,28715);
INSERT INTO PlotInfo VALUES(55474,'Honey''s garden',31,'12/21/2019',1,554741,1216);
INSERT INTO PlotInfo VALUES(41329,'Noble''s garden',85,'4/19/2019',3,413292,6660);
INSERT INTO PlotInfo VALUES(40506,'Sylas''s garden',3,'8/31/2019',2,405061,99103);
INSERT INTO PlotInfo VALUES(14935,'Godfree''s garden',225,'6/18/2019',2,149354,61799);
INSERT INTO PlotInfo VALUES(9527,'Glendon''s garden',229,'11/7/2019',1,95271,61756);
INSERT INTO PlotInfo VALUES(79904,'Paulina''s garden',60,'1/20/2019',1,799043,83763);
INSERT INTO PlotInfo VALUES(67674,'Grange''s garden',122,'8/6/2019',1,676741,16181);
INSERT INTO PlotInfo VALUES(70776,'Tedd''s garden',26,'1/17/2019',1,707762,6149);
INSERT INTO PlotInfo VALUES(41458,'Julianne''s garden',243,'9/13/2019',3,414583,42068);
INSERT INTO PlotInfo VALUES(20267,'Grantham''s garden',3,'5/30/2019',1,202671,40510);
INSERT INTO PlotInfo VALUES(52277,'Tildie''s garden',240,'9/15/2019',2,522774,78347);
INSERT INTO PlotInfo VALUES(87210,'Cam''s garden',208,'8/1/2019',3,872103,37651);
INSERT INTO PlotInfo VALUES(16360,'Dacy''s garden',51,'2/12/2019',1,163604,33027);
INSERT INTO PlotInfo VALUES(32813,'Orville''s garden',240,'2/20/2019',2,328133,712);
INSERT INTO PlotInfo VALUES(90385,'Arlan''s garden',134,'12/2/2019',1,903853,25809);
INSERT INTO PlotInfo VALUES(28900,'Marcelo''s garden',167,'12/25/2019',3,289004,93495);
INSERT INTO PlotInfo VALUES(75273,'Tyson''s garden',173,'12/1/2019',3,752731,54566);
INSERT INTO PlotInfo VALUES(35815,'Lusa''s garden',101,'11/8/2019',1,358153,67193);
INSERT INTO PlotInfo VALUES(28593,'Analise''s garden',198,'12/21/2019',2,285933,8400);
INSERT INTO PlotInfo VALUES(23724,'Culley''s garden',47,'7/16/2019',2,237244,53452);
INSERT INTO PlotInfo VALUES(80049,'Merle''s garden',120,'12/20/2019',3,800493,77959);
INSERT INTO PlotInfo VALUES(60586,'Wylie''s garden',229,'3/21/2019',2,605864,48322);
INSERT INTO PlotInfo VALUES(56297,'Sharlene''s garden',91,'9/11/2019',1,562972,99934);
INSERT INTO PlotInfo VALUES(80935,'Felix''s garden',10,'2/23/2019',2,809353,59598);
INSERT INTO PlotInfo VALUES(35531,'Amalie''s garden',144,'1/19/2019',2,355314,47286);
INSERT INTO PlotInfo VALUES(89773,'Drusy''s garden',2,'3/22/2019',2,897731,43097);
INSERT INTO PlotInfo VALUES(69499,'Sinclare''s garden',15,'8/14/2019',1,694991,10230);
INSERT INTO PlotInfo VALUES(37470,'Rodd''s garden',33,'9/18/2019',1,374704,83763);
INSERT INTO PlotInfo VALUES(97151,'Orrin''s garden',178,'1/8/2019',1,971511,30513);
INSERT INTO PlotInfo VALUES(62458,'Michelle''s garden',158,'5/1/2019',2,624584,44619);
INSERT INTO PlotInfo VALUES(31265,'Esteban''s garden',136,'2/17/2019',2,312652,10230);
INSERT INTO PlotInfo VALUES(47010,'Modestia''s garden',105,'3/31/2019',2,470103,37651);
INSERT INTO PlotInfo VALUES(88542,'Marni''s garden',175,'7/16/2019',2,885421,8431);
INSERT INTO PlotInfo VALUES(65089,'Rica''s garden',209,'5/15/2019',3,650891,93495);
INSERT INTO PlotInfo VALUES(32466,'Sonny''s garden',101,'2/25/2019',2,324662,33027);
INSERT INTO PlotInfo VALUES(50913,'Noak''s garden',34,'8/21/2019',1,509133,28800);
INSERT INTO PlotInfo VALUES(52152,'Krystyna''s garden',171,'4/30/2019',3,521522,70670);
INSERT INTO PlotInfo VALUES(50279,'Jackquelin''s garden',189,'5/30/2019',2,502793,54548);
INSERT INTO PlotInfo VALUES(17563,'Haywood''s garden',166,'7/18/2019',3,175631,83571);
INSERT INTO PlotInfo VALUES(71403,'Oriana''s garden',219,'10/2/2019',3,714031,28715);
INSERT INTO PlotInfo VALUES(61056,'Martyn''s garden',167,'9/1/2019',3,610563,78347);
INSERT INTO PlotInfo VALUES(61659,'Dennison''s garden',222,'7/2/2019',3,616593,9771);
INSERT INTO PlotInfo VALUES(72823,'Germain''s garden',53,'10/22/2019',3,728233,5901);
INSERT INTO PlotInfo VALUES(50935,'Maridel''s garden',103,'10/5/2019',3,509354,55395);
INSERT INTO PlotInfo VALUES(15897,'Zeb''s garden',99,'6/17/2019',2,158972,95375);
INSERT INTO PlotInfo VALUES(83563,'Joachim''s garden',209,'6/8/2019',1,835634,43097);
INSERT INTO PlotInfo VALUES(77702,'Giacomo''s garden',234,'1/8/2019',1,777022,54566);
INSERT INTO PlotInfo VALUES(64892,'Jourdain''s garden',101,'7/31/2019',3,648923,53198);
INSERT INTO PlotInfo VALUES(49521,'Lethia''s garden',234,'4/15/2019',2,495213,8431);
INSERT INTO PlotInfo VALUES(21938,'Jessalyn''s garden',115,'1/24/2019',2,219382,57709);
INSERT INTO PlotInfo VALUES(88511,'Leena''s garden',145,'9/20/2019',1,885114,77664);
INSERT INTO PlotInfo VALUES(70420,'Leshia''s garden',179,'7/28/2019',3,704201,95958);
INSERT INTO PlotInfo VALUES(81261,'Freeland''s garden',219,'2/5/2019',1,812612,97028);
INSERT INTO PlotInfo VALUES(97701,'Stormi''s garden',152,'2/12/2019',1,977011,70670);
INSERT INTO PlotInfo VALUES(71930,'Isabella''s garden',117,'3/31/2019',2,719304,95055);
INSERT INTO PlotInfo VALUES(13965,'Trefor''s garden',44,'4/12/2019',1,139654,90079);
INSERT INTO PlotInfo VALUES(23407,'Brandy''s garden',192,'6/11/2019',2,234071,18556);
INSERT INTO PlotInfo VALUES(63335,'Hatty''s garden',193,'2/17/2019',3,633353,44619);
INSERT INTO PlotInfo VALUES(6538,'Kaela''s garden',220,'11/21/2019',1,65382,91211);
INSERT INTO PlotInfo VALUES(20767,'Dari''s garden',77,'7/27/2019',1,207672,81362);
INSERT INTO PlotInfo VALUES(89436,'Yuri''s garden',36,'3/18/2019',2,894362,55395);
INSERT INTO PlotInfo VALUES(17975,'Dierdre''s garden',211,'3/22/2019',3,179752,43256);
INSERT INTO PlotInfo VALUES(22677,'Sharleen''s garden',117,'12/21/2019',1,226772,77812);
INSERT INTO PlotInfo VALUES(5058,'Kliment''s garden',214,'2/20/2019',3,50581,68794);
INSERT INTO PlotInfo VALUES(97451,'Robby''s garden',101,'2/1/2019',2,974514,5066);
INSERT INTO PlotInfo VALUES(78485,'Ottilie''s garden',105,'7/29/2019',3,784854,22053);
INSERT INTO PlotInfo VALUES(4727,'Berte''s garden',135,'1/29/2019',2,47271,83571);
INSERT INTO PlotInfo VALUES(16977,'Mozes''s garden',239,'6/21/2019',2,169772,53937);
INSERT INTO PlotInfo VALUES(46686,'Caryl''s garden',36,'8/15/2019',3,466861,14130);
INSERT INTO PlotInfo VALUES(2317,'Ettie''s garden',250,'5/10/2019',1,23174,83421);
INSERT INTO PlotInfo VALUES(28649,'Sanders''s garden',104,'5/8/2019',2,286492,88723);
INSERT INTO PlotInfo VALUES(92362,'Rad''s garden',73,'12/17/2019',2,923622,19648);
INSERT INTO PlotInfo VALUES(54262,'Drusy''s garden',220,'7/12/2019',3,542622,99059);
INSERT INTO PlotInfo VALUES(89484,'Amberly''s garden',248,'9/12/2019',3,894843,45256);
INSERT INTO PlotInfo VALUES(28738,'Kaile''s garden',132,'11/22/2019',2,287382,20285);
INSERT INTO PlotInfo VALUES(98066,'Francesca''s garden',29,'1/29/2019',2,980661,9318);
INSERT INTO PlotInfo VALUES(94146,'Giustina''s garden',66,'12/25/2019',2,941464,47304);
INSERT INTO PlotInfo VALUES(48752,'Marian''s garden',224,'3/31/2019',1,487524,30513);
INSERT INTO PlotInfo VALUES(47438,'Prince''s garden',1,'8/26/2019',1,474384,9771);
INSERT INTO PlotInfo VALUES(75712,'Harriett''s garden',107,'4/15/2019',2,757124,87643);
INSERT INTO PlotInfo VALUES(3358,'Kristal''s garden',124,'6/7/2019',1,33581,56829);
INSERT INTO PlotInfo VALUES(68894,'Chrissy''s garden',106,'11/26/2019',3,688941,34741);
INSERT INTO PlotInfo VALUES(46549,'Rozanne''s garden',141,'12/28/2019',1,465494,82149);
INSERT INTO PlotInfo VALUES(93505,'Desi''s garden',111,'11/30/2019',1,935051,88594);
INSERT INTO PlotInfo VALUES(13046,'Turner''s garden',71,'3/31/2019',1,130462,80621);
INSERT INTO PlotInfo VALUES(68490,'Berti''s garden',50,'3/24/2019',2,684901,5901);
INSERT INTO PlotInfo VALUES(27492,'Winonah''s garden',59,'7/26/2019',3,274924,69270);
INSERT INTO PlotInfo VALUES(36446,'Sadella''s garden',163,'6/4/2019',2,364461,28800);
INSERT INTO PlotInfo VALUES(89757,'Abra''s garden',250,'7/2/2019',3,897573,524);
INSERT INTO PlotInfo VALUES(14132,'Calida''s garden',245,'5/31/2019',1,141322,95375);
INSERT INTO PlotInfo VALUES(98138,'Lefty''s garden',123,'4/2/2019',3,981384,19031);
INSERT INTO PlotInfo VALUES(64751,'Inglebert''s garden',132,'5/3/2019',2,647512,54548);
INSERT INTO PlotInfo VALUES(56303,'Drucy''s garden',148,'3/4/2019',3,563034,23041);
INSERT INTO PlotInfo VALUES(41853,'Birdie''s garden',32,'7/12/2019',3,418534,28715);
INSERT INTO PlotInfo VALUES(65999,'Jonell''s garden',175,'9/11/2019',2,659992,1216);
INSERT INTO PlotInfo VALUES(49414,'Ailsun''s garden',75,'6/1/2019',3,494142,6660);
INSERT INTO PlotInfo VALUES(71300,'Carmelita''s garden',146,'12/8/2019',2,713003,99103);
INSERT INTO PlotInfo VALUES(31813,'Yvor''s garden',245,'6/2/2019',2,318131,61799);
INSERT INTO PlotInfo VALUES(38207,'Luisa''s garden',133,'2/9/2019',2,382071,61756);
INSERT INTO PlotInfo VALUES(14789,'Mario''s garden',216,'4/29/2019',1,147893,83763);
INSERT INTO PlotInfo VALUES(52779,'Quinn''s garden',110,'3/16/2019',3,527791,16181);
INSERT INTO PlotInfo VALUES(7636,'Larissa''s garden',212,'5/1/2019',1,76363,6149);
INSERT INTO PlotInfo VALUES(32969,'Emilio''s garden',181,'12/30/2019',1,329693,42068);
INSERT INTO PlotInfo VALUES(27254,'Gallagher''s garden',181,'2/9/2019',2,272542,40510);
INSERT INTO PlotInfo VALUES(681,'Kriste''s garden',189,'1/7/2019',1,6813,78347);
INSERT INTO PlotInfo VALUES(73514,'Ab''s garden',188,'4/28/2019',3,735143,37651);
INSERT INTO PlotInfo VALUES(99350,'Aura''s garden',111,'4/9/2019',3,993504,33027);
INSERT INTO PlotInfo VALUES(69362,'Van''s garden',62,'6/20/2019',3,693623,712);
INSERT INTO PlotInfo VALUES(30372,'Meridith''s garden',42,'11/11/2019',3,303721,25809);
INSERT INTO PlotInfo VALUES(18208,'Corabelle''s garden',178,'5/7/2019',3,182084,93495);
INSERT INTO PlotInfo VALUES(24692,'Irwin''s garden',73,'4/16/2019',2,246921,54566);
INSERT INTO PlotInfo VALUES(43526,'Molli''s garden',3,'4/10/2019',2,435261,67193);
INSERT INTO PlotInfo VALUES(85335,'Alleyn''s garden',152,'6/29/2019',3,853354,8400);
INSERT INTO PlotInfo VALUES(88979,'Kimberlyn''s garden',87,'5/19/2019',2,889794,53452);
INSERT INTO PlotInfo VALUES(33635,'Lexis''s garden',196,'10/5/2019',3,336352,77959);
INSERT INTO PlotInfo VALUES(27391,'Peadar''s garden',76,'3/25/2019',3,273913,48322);
INSERT INTO PlotInfo VALUES(99920,'Kylynn''s garden',94,'4/11/2019',1,999203,99934);
INSERT INTO PlotInfo VALUES(38077,'Peta''s garden',227,'10/1/2019',2,380774,59598);
INSERT INTO PlotInfo VALUES(31637,'Aluino''s garden',49,'12/14/2019',3,316372,47286);
INSERT INTO PlotInfo VALUES(71955,'Rolf''s garden',189,'1/5/2019',3,719552,43097);
INSERT INTO PlotInfo VALUES(61554,'Ferdie''s garden',51,'9/15/2019',3,615544,10230);
INSERT INTO PlotInfo VALUES(88476,'Katleen''s garden',111,'7/29/2019',1,884761,83763);
INSERT INTO PlotInfo VALUES(27689,'Woodrow''s garden',52,'9/24/2019',3,276891,30513);
INSERT INTO PlotInfo VALUES(72311,'Gil''s garden',116,'5/18/2019',1,723113,44619);
INSERT INTO PlotInfo VALUES(59153,'Bathsheba''s garden',7,'7/13/2019',2,591532,10230);
INSERT INTO PlotInfo VALUES(55230,'Manuel''s garden',120,'5/6/2019',1,552301,37651);
INSERT INTO PlotInfo VALUES(40520,'Leanor''s garden',42,'8/18/2019',1,405204,8431);
INSERT INTO PlotInfo VALUES(39666,'Noby''s garden',76,'4/24/2019',3,396663,93495);
INSERT INTO PlotInfo VALUES(11392,'Ethelyn''s garden',123,'2/11/2019',1,113924,33027);
INSERT INTO PlotInfo VALUES(8932,'Lorrin''s garden',67,'7/7/2019',3,89321,28800);
INSERT INTO PlotInfo VALUES(26514,'Kevina''s garden',71,'11/2/2019',3,265141,70670);
INSERT INTO PlotInfo VALUES(53617,'Kristi''s garden',203,'11/2/2019',3,536173,54548);
INSERT INTO PlotInfo VALUES(29430,'Caryl''s garden',2,'10/17/2019',3,294304,83571);
INSERT INTO PlotInfo VALUES(4114,'Kathryne''s garden',137,'7/29/2019',3,41144,28715);
INSERT INTO PlotInfo VALUES(70688,'Kanya''s garden',28,'5/28/2019',3,706883,78347);
INSERT INTO PlotInfo VALUES(24609,'Tessie''s garden',14,'1/26/2019',2,246094,9771);
INSERT INTO PlotInfo VALUES(83326,'Lisabeth''s garden',226,'2/15/2019',3,833264,5901);
INSERT INTO PlotInfo VALUES(48678,'Blaire''s garden',17,'9/23/2019',3,486782,55395);
INSERT INTO PlotInfo VALUES(97620,'Shannah''s garden',49,'7/18/2019',3,976204,95375);
INSERT INTO PlotInfo VALUES(87278,'Vasily''s garden',95,'8/9/2019',2,872783,43097);
INSERT INTO PlotInfo VALUES(21284,'Isadore''s garden',2,'10/2/2019',3,212842,54566);
INSERT INTO PlotInfo VALUES(98590,'Dacie''s garden',212,'4/18/2019',2,985904,53198);
INSERT INTO PlotInfo VALUES(44382,'Daile''s garden',135,'8/22/2019',3,443822,8431);
INSERT INTO PlotInfo VALUES(67193,'Clair''s garden',191,'1/27/2019',3,671933,57709);
INSERT INTO PlotInfo VALUES(44447,'Roda''s garden',119,'6/24/2019',2,444473,77664);
INSERT INTO PlotInfo VALUES(59958,'Julian''s garden',155,'12/16/2019',1,599582,95958);
INSERT INTO PlotInfo VALUES(95748,'Benito''s garden',247,'10/28/2019',1,957484,97028);
INSERT INTO PlotInfo VALUES(69219,'Maddie''s garden',244,'4/13/2019',1,692193,70670);
INSERT INTO PlotInfo VALUES(8034,'Lorain''s garden',40,'9/30/2019',1,80343,95055);
INSERT INTO PlotInfo VALUES(93451,'Edgard''s garden',173,'3/23/2019',1,934514,90079);
INSERT INTO PlotInfo VALUES(94741,'Erda''s garden',169,'5/26/2019',2,947413,18556);
INSERT INTO PlotInfo VALUES(98304,'Rourke''s garden',139,'7/5/2019',2,983043,44619);
INSERT INTO PlotInfo VALUES(36553,'Patin''s garden',180,'7/30/2019',1,365533,91211);
INSERT INTO PlotInfo VALUES(88616,'Demetris''s garden',123,'10/18/2019',3,886163,81362);
INSERT INTO PlotInfo VALUES(40616,'Lannie''s garden',85,'1/7/2019',2,406162,55395);
INSERT INTO PlotInfo VALUES(53614,'Maxy''s garden',201,'9/13/2019',3,536142,43256);
INSERT INTO PlotInfo VALUES(96674,'Winifred''s garden',213,'1/27/2019',2,966742,77812);
INSERT INTO PlotInfo VALUES(75120,'Dom''s garden',231,'4/30/2019',2,751203,68794);
INSERT INTO PlotInfo VALUES(35728,'Perl''s garden',42,'3/25/2019',1,357284,5066);
INSERT INTO PlotInfo VALUES(81697,'Alyssa''s garden',201,'6/5/2019',1,816973,22053);
INSERT INTO PlotInfo VALUES(58526,'Laurens''s garden',7,'11/11/2019',3,585261,83571);
INSERT INTO PlotInfo VALUES(38589,'Daphne''s garden',69,'7/12/2019',2,385891,53937);
INSERT INTO PlotInfo VALUES(56440,'Glory''s garden',206,'5/17/2019',2,564404,14130);
INSERT INTO PlotInfo VALUES(21496,'Ana''s garden',156,'2/23/2019',3,214963,83421);
INSERT INTO PlotInfo VALUES(84155,'Reggi''s garden',160,'11/15/2019',2,841554,88723);
INSERT INTO PlotInfo VALUES(77810,'Wren''s garden',78,'12/20/2019',3,778102,19648);
INSERT INTO PlotInfo VALUES(5112,'Ashlen''s garden',109,'11/7/2019',1,51121,99059);
INSERT INTO PlotInfo VALUES(71498,'Cass''s garden',97,'5/22/2019',3,714981,45256);
INSERT INTO PlotInfo VALUES(29141,'Anallise''s garden',242,'1/24/2019',1,291413,20285);
INSERT INTO PlotInfo VALUES(68667,'Vernon''s garden',238,'7/11/2019',2,686672,9318);
INSERT INTO PlotInfo VALUES(63694,'Clevie''s garden',43,'1/5/2019',3,636943,47304);
INSERT INTO PlotInfo VALUES(73501,'Brena''s garden',229,'12/8/2019',2,735011,30513);
INSERT INTO PlotInfo VALUES(58628,'Sib''s garden',76,'5/21/2019',2,586282,9771);
INSERT INTO PlotInfo VALUES(74159,'Babbie''s garden',177,'8/1/2019',3,741592,87643);
INSERT INTO PlotInfo VALUES(6972,'Flossi''s garden',239,'12/2/2019',3,69723,56829);
INSERT INTO PlotInfo VALUES(432,'Gerta''s garden',193,'7/23/2019',3,4322,34741);
INSERT INTO PlotInfo VALUES(91913,'Ellie''s garden',30,'5/25/2019',3,919131,82149);
INSERT INTO PlotInfo VALUES(92543,'Casie''s garden',204,'5/30/2019',2,925432,88594);
INSERT INTO PlotInfo VALUES(85265,'Devlen''s garden',90,'12/11/2019',1,852652,80621);
INSERT INTO PlotInfo VALUES(11225,'Boone''s garden',171,'8/25/2019',1,112254,5901);
INSERT INTO PlotInfo VALUES(36733,'Alick''s garden',142,'8/27/2019',1,367334,69270);
INSERT INTO PlotInfo VALUES(271,'Mile''s garden',91,'7/7/2019',1,2713,28800);
INSERT INTO PlotInfo VALUES(24323,'Eugene''s garden',76,'1/25/2019',2,243233,524);
INSERT INTO PlotInfo VALUES(1068,'Anet''s garden',238,'9/22/2019',2,10684,95375);
INSERT INTO PlotInfo VALUES(24778,'Ax''s garden',133,'12/24/2019',1,247781,19031);
INSERT INTO PlotInfo VALUES(88971,'Nelly''s garden',40,'11/18/2019',2,889711,54548);
INSERT INTO PlotInfo VALUES(43077,'Sammie''s garden',16,'2/6/2019',1,430774,23041);
INSERT INTO PlotInfo VALUES(46250,'Darb''s garden',64,'11/16/2019',3,462504,28715);
INSERT INTO PlotInfo VALUES(19583,'Vyky''s garden',109,'6/10/2019',2,195831,1216);
INSERT INTO PlotInfo VALUES(67668,'Zarla''s garden',134,'12/21/2019',2,676683,6660);
INSERT INTO PlotInfo VALUES(58103,'Tobe''s garden',146,'5/4/2019',2,581034,99103);
INSERT INTO PlotInfo VALUES(20770,'Francisca''s garden',103,'6/20/2019',2,207703,61799);
INSERT INTO PlotInfo VALUES(52195,'Sanderson''s garden',212,'1/2/2019',3,521951,61756);
INSERT INTO PlotInfo VALUES(57589,'Wallie''s garden',159,'10/4/2019',2,575892,83763);
INSERT INTO PlotInfo VALUES(46853,'Delora''s garden',73,'7/27/2019',3,468533,16181);
INSERT INTO PlotInfo VALUES(86317,'Ruperto''s garden',185,'8/30/2019',1,863174,6149);
INSERT INTO PlotInfo VALUES(15393,'Hersch''s garden',250,'7/17/2019',2,153931,42068);
INSERT INTO PlotInfo VALUES(52725,'Naomi''s garden',152,'5/31/2019',2,527254,40510);
INSERT INTO PlotInfo VALUES(41950,'Cinda''s garden',208,'6/20/2019',2,419501,78347);
INSERT INTO PlotInfo VALUES(92873,'Giffard''s garden',242,'9/15/2019',3,928732,37651);
INSERT INTO PlotInfo VALUES(10238,'Xaviera''s garden',71,'10/1/2019',1,102382,33027);
INSERT INTO PlotInfo VALUES(22824,'Nobie''s garden',88,'1/11/2019',1,228241,712);
INSERT INTO PlotInfo VALUES(29712,'Donny''s garden',130,'6/25/2019',1,297124,25809);
INSERT INTO PlotInfo VALUES(34050,'Garrik''s garden',13,'9/6/2019',1,340501,93495);
INSERT INTO PlotInfo VALUES(95372,'Michal''s garden',140,'12/1/2019',3,953724,54566);
INSERT INTO PlotInfo VALUES(27882,'Jacki''s garden',203,'10/31/2019',2,278822,67193);
INSERT INTO PlotInfo VALUES(99196,'Pat''s garden',165,'3/10/2019',1,991964,8400);
INSERT INTO PlotInfo VALUES(61258,'Christie''s garden',73,'3/23/2019',2,612581,53452);
INSERT INTO PlotInfo VALUES(98421,'Dana''s garden',122,'8/21/2019',1,984214,77959);
INSERT INTO PlotInfo VALUES(83558,'Verena''s garden',113,'2/25/2019',3,835581,48322);
INSERT INTO PlotInfo VALUES(85281,'Mariejeanne''s garden',95,'10/15/2019',2,852812,99934);
INSERT INTO PlotInfo VALUES(90730,'Erl''s garden',243,'8/23/2019',1,907303,59598);
INSERT INTO PlotInfo VALUES(63425,'Nichole''s garden',246,'9/12/2019',2,634253,47286);
INSERT INTO PlotInfo VALUES(41677,'Tabbitha''s garden',146,'7/1/2019',1,416772,43097);
INSERT INTO PlotInfo VALUES(76433,'Fowler''s garden',186,'5/19/2019',3,764331,10230);
INSERT INTO PlotInfo VALUES(10561,'Beverlie''s garden',179,'2/5/2019',2,105613,83763);
INSERT INTO PlotInfo VALUES(48387,'Zilvia''s garden',93,'1/12/2019',1,483871,30513);
INSERT INTO PlotInfo VALUES(16604,'Emmey''s garden',111,'12/4/2019',1,166041,44619);
INSERT INTO PlotInfo VALUES(58172,'Teodoor''s garden',55,'7/18/2019',3,581721,10230);
INSERT INTO PlotInfo VALUES(25183,'Karlan''s garden',124,'12/12/2019',1,251834,37651);
INSERT INTO PlotInfo VALUES(9519,'Bink''s garden',104,'4/11/2019',2,95194,8431);
INSERT INTO PlotInfo VALUES(63615,'Rice''s garden',68,'7/2/2019',2,636154,93495);
INSERT INTO PlotInfo VALUES(17933,'Alexina''s garden',230,'6/12/2019',3,179331,33027);
INSERT INTO PlotInfo VALUES(93373,'Debbi''s garden',18,'7/30/2019',2,933731,28800);
INSERT INTO PlotInfo VALUES(81942,'Mead''s garden',30,'11/30/2019',3,819423,70670);
INSERT INTO PlotInfo VALUES(38490,'Erin''s garden',226,'2/24/2019',2,384903,54548);
INSERT INTO PlotInfo VALUES(39688,'Isador''s garden',26,'9/17/2019',2,396883,83571);
INSERT INTO PlotInfo VALUES(10556,'Lolita''s garden',184,'8/11/2019',2,105564,28715);
INSERT INTO PlotInfo VALUES(93888,'Ardath''s garden',131,'10/9/2019',3,938884,78347);
INSERT INTO PlotInfo VALUES(26725,'Gawen''s garden',70,'8/2/2019',3,267252,9771);
INSERT INTO PlotInfo VALUES(87189,'Colline''s garden',115,'8/9/2019',3,871892,5901);
INSERT INTO PlotInfo VALUES(5309,'Bea''s garden',25,'12/8/2019',1,53092,55395);
INSERT INTO PlotInfo VALUES(14504,'Zelig''s garden',203,'7/13/2019',1,145041,95375);
INSERT INTO PlotInfo VALUES(28341,'Ashli''s garden',163,'3/2/2019',3,283412,43097);
INSERT INTO PlotInfo VALUES(22442,'Adriana''s garden',52,'6/27/2019',2,224423,54566);
INSERT INTO PlotInfo VALUES(70441,'Melina''s garden',38,'1/27/2019',1,704411,53198);
INSERT INTO PlotInfo VALUES(69441,'Jayme''s garden',91,'7/10/2019',3,694413,8431);
INSERT INTO PlotInfo VALUES(17945,'Lyndsay''s garden',106,'11/2/2019',2,179451,57709);
INSERT INTO PlotInfo VALUES(48548,'Codee''s garden',241,'8/17/2019',1,485482,77664);
INSERT INTO PlotInfo VALUES(72519,'Hans''s garden',125,'10/12/2019',2,725192,95958);
INSERT INTO PlotInfo VALUES(52552,'Elsworth''s garden',198,'11/14/2019',3,525523,97028);
INSERT INTO PlotInfo VALUES(15621,'Tallulah''s garden',227,'7/15/2019',1,156211,70670);
INSERT INTO PlotInfo VALUES(17192,'Ingaborg''s garden',8,'5/16/2019',1,171922,95055);
INSERT INTO PlotInfo VALUES(73212,'Noemi''s garden',37,'7/15/2019',3,732121,90079);
INSERT INTO PlotInfo VALUES(81225,'Crin''s garden',40,'5/10/2019',2,812254,18556);
INSERT INTO PlotInfo VALUES(22357,'Merell''s garden',24,'4/10/2019',2,223573,44619);
INSERT INTO PlotInfo VALUES(51383,'Allyce''s garden',36,'3/27/2019',2,513834,91211);
INSERT INTO PlotInfo VALUES(12544,'Garrick''s garden',166,'12/14/2019',3,125441,81362);
INSERT INTO PlotInfo VALUES(92973,'Federica''s garden',220,'1/12/2019',1,929734,55395);
INSERT INTO PlotInfo VALUES(29147,'Sander''s garden',101,'4/13/2019',2,291471,43256);
INSERT INTO PlotInfo VALUES(53264,'Renata''s garden',5,'9/22/2019',2,532641,77812);
INSERT INTO PlotInfo VALUES(91733,'Faun''s garden',173,'3/8/2019',3,917333,68794);
INSERT INTO PlotInfo VALUES(66533,'Gavin''s garden',32,'9/17/2019',3,665332,5066);
INSERT INTO PlotInfo VALUES(39467,'Sunny''s garden',191,'4/23/2019',3,394672,22053);
INSERT INTO PlotInfo VALUES(1608,'Dame''s garden',107,'5/21/2019',1,16082,83571);
INSERT INTO PlotInfo VALUES(44886,'Tamra''s garden',134,'5/29/2019',1,448864,53937);
INSERT INTO PlotInfo VALUES(66100,'Bealle''s garden',224,'1/18/2019',3,661002,14130);
INSERT INTO PlotInfo VALUES(8716,'Cecilia''s garden',35,'12/22/2019',3,87164,83421);
INSERT INTO PlotInfo VALUES(52285,'Lilia''s garden',157,'9/2/2019',2,522853,88723);
INSERT INTO PlotInfo VALUES(53604,'Garwood''s garden',190,'5/20/2019',1,536044,19648);
INSERT INTO PlotInfo VALUES(63945,'Marigold''s garden',164,'4/24/2019',3,639454,99059);
INSERT INTO PlotInfo VALUES(98499,'Algernon''s garden',150,'6/3/2019',1,984993,45256);
INSERT INTO PlotInfo VALUES(57775,'Bettine''s garden',198,'7/15/2019',3,577752,20285);
INSERT INTO PlotInfo VALUES(96832,'Kaine''s garden',151,'1/28/2019',1,968324,9318);
INSERT INTO PlotInfo VALUES(13903,'Ginger''s garden',66,'5/27/2019',1,139032,47304);
INSERT INTO PlotInfo VALUES(9494,'Riannon''s garden',76,'5/20/2019',2,94942,30513);
INSERT INTO PlotInfo VALUES(87297,'Janetta''s garden',103,'11/9/2019',1,872971,9771);
INSERT INTO PlotInfo VALUES(6014,'Walden''s garden',200,'6/25/2019',2,60144,87643);
INSERT INTO PlotInfo VALUES(93956,'Jacquelin''s garden',231,'1/8/2019',2,939563,56829);
INSERT INTO PlotInfo VALUES(1946,'Dierdre''s garden',236,'5/10/2019',1,19461,34741);
INSERT INTO PlotInfo VALUES(63468,'Trude''s garden',242,'1/16/2019',3,634682,82149);
INSERT INTO PlotInfo VALUES(31893,'Eberhard''s garden',117,'7/4/2019',1,318933,88594);
INSERT INTO PlotInfo VALUES(98467,'Delano''s garden',216,'8/26/2019',1,984674,80621);
INSERT INTO PlotInfo VALUES(86106,'Yvon''s garden',232,'9/27/2019',3,861064,5901);
INSERT INTO PlotInfo VALUES(76190,'Gardiner''s garden',230,'1/31/2019',1,761902,69270);
INSERT INTO PlotInfo VALUES(5885,'Aridatha''s garden',113,'7/13/2019',1,58851,28800);
INSERT INTO PlotInfo VALUES(79817,'Siward''s garden',140,'10/30/2019',1,798171,524);
INSERT INTO PlotInfo VALUES(3269,'Sheilah''s garden',115,'12/22/2019',3,32691,95375);
INSERT INTO PlotInfo VALUES(10736,'Emilee''s garden',83,'10/19/2019',3,107361,19031);
INSERT INTO PlotInfo VALUES(45581,'Mariya''s garden',124,'10/25/2019',1,455814,54548);
INSERT INTO PlotInfo VALUES(24899,'Woodman''s garden',46,'3/12/2019',1,248992,23041);
INSERT INTO PlotInfo VALUES(8036,'Dede''s garden',20,'4/14/2019',2,80362,28715);
INSERT INTO PlotInfo VALUES(8005,'Christin''s garden',142,'7/3/2019',3,80053,1216);
INSERT INTO PlotInfo VALUES(9940,'Carly''s garden',230,'12/23/2019',3,99401,6660);
INSERT INTO PlotInfo VALUES(8616,'Augy''s garden',70,'6/9/2019',2,86162,99103);
INSERT INTO PlotInfo VALUES(25044,'Melli''s garden',1,'4/9/2019',2,250442,61799);
INSERT INTO PlotInfo VALUES(21287,'Clarence''s garden',64,'9/5/2019',2,212871,61756);
INSERT INTO PlotInfo VALUES(43608,'Ode''s garden',97,'5/27/2019',2,436083,83763);
INSERT INTO PlotInfo VALUES(87267,'Kimberli''s garden',116,'3/23/2019',3,872673,16181);
INSERT INTO PlotInfo VALUES(8305,'Millard''s garden',242,'7/15/2019',1,83052,6149);
INSERT INTO PlotInfo VALUES(28033,'Darnall''s garden',220,'5/26/2019',3,280333,42068);
INSERT INTO PlotInfo VALUES(65214,'Abrahan''s garden',14,'7/19/2019',2,652142,40510);
INSERT INTO PlotInfo VALUES(38792,'Reeva''s garden',114,'9/29/2019',3,387923,78347);
INSERT INTO PlotInfo VALUES(12420,'Claudetta''s garden',131,'3/31/2019',2,124204,37651);
INSERT INTO PlotInfo VALUES(82019,'Daryl''s garden',232,'4/7/2019',1,820192,33027);
INSERT INTO PlotInfo VALUES(34307,'Leyla''s garden',61,'1/23/2019',2,343072,712);
INSERT INTO PlotInfo VALUES(1347,'Donelle''s garden',66,'6/27/2019',2,13471,25809);
INSERT INTO PlotInfo VALUES(54862,'Trevor''s garden',10,'4/7/2019',1,548622,93495);
INSERT INTO PlotInfo VALUES(92075,'Ronnie''s garden',102,'3/7/2019',3,920753,54566);
INSERT INTO PlotInfo VALUES(7432,'Kristofer''s garden',151,'6/19/2019',3,74322,67193);
INSERT INTO PlotInfo VALUES(59432,'Bibi''s garden',95,'11/13/2019',3,594324,8400);
INSERT INTO PlotInfo VALUES(74760,'Dani''s garden',31,'2/5/2019',2,747604,53452);
INSERT INTO PlotInfo VALUES(87113,'Derward''s garden',6,'10/28/2019',2,871131,77959);
INSERT INTO PlotInfo VALUES(87940,'Piggy''s garden',211,'2/17/2019',1,879404,48322);
INSERT INTO PlotInfo VALUES(4021,'Star''s garden',242,'6/23/2019',3,40212,99934);
INSERT INTO PlotInfo VALUES(22662,'Ivy''s garden',135,'9/10/2019',2,226621,59598);
INSERT INTO PlotInfo VALUES(86736,'Stevana''s garden',106,'7/24/2019',3,867361,47286);
INSERT INTO PlotInfo VALUES(76717,'Katleen''s garden',237,'10/28/2019',2,767173,43097);
INSERT INTO PlotInfo VALUES(22125,'Jackie''s garden',35,'5/29/2019',2,221252,10230);
INSERT INTO PlotInfo VALUES(98659,'Derward''s garden',77,'2/19/2019',3,986594,83763);
INSERT INTO PlotInfo VALUES(41296,'Alley''s garden',179,'5/7/2019',1,412963,30513);
INSERT INTO PlotInfo VALUES(38217,'Koral''s garden',45,'5/14/2019',3,382173,44619);
INSERT INTO PlotInfo VALUES(36142,'Carey''s garden',1,'2/17/2019',2,361423,10230);
INSERT INTO PlotInfo VALUES(72947,'Melisande''s garden',231,'3/21/2019',3,729474,37651);
INSERT INTO PlotInfo VALUES(94410,'Brennen''s garden',135,'7/15/2019',3,944102,8431);
INSERT INTO PlotInfo VALUES(64146,'Jackie''s garden',234,'12/27/2019',3,641463,93495);
INSERT INTO PlotInfo VALUES(16157,'Zed''s garden',118,'2/27/2019',1,161571,33027);
INSERT INTO PlotInfo VALUES(61641,'Sheffie''s garden',215,'10/10/2019',3,616412,28800);
INSERT INTO PlotInfo VALUES(63766,'Horatius''s garden',121,'10/31/2019',3,637664,70670);
INSERT INTO PlotInfo VALUES(7938,'Jack''s garden',37,'3/6/2019',3,79383,54548);
INSERT INTO PlotInfo VALUES(74911,'Lorinda''s garden',169,'7/5/2019',2,749111,83571);
INSERT INTO PlotInfo VALUES(97891,'Cristabel''s garden',87,'5/13/2019',2,978914,28715);
INSERT INTO PlotInfo VALUES(8762,'Tades''s garden',240,'7/24/2019',3,87622,78347);
INSERT INTO PlotInfo VALUES(47575,'Florie''s garden',150,'8/1/2019',3,475751,9771);
INSERT INTO PlotInfo VALUES(58186,'Karalee''s garden',138,'9/11/2019',1,581863,5901);
INSERT INTO PlotInfo VALUES(84125,'Bethany''s garden',27,'11/14/2019',2,841254,55395);
INSERT INTO PlotInfo VALUES(78928,'Terra''s garden',189,'1/30/2019',3,789283,95375);
INSERT INTO PlotInfo VALUES(42754,'Salem''s garden',30,'3/23/2019',3,427542,43097);
INSERT INTO PlotInfo VALUES(18655,'Bunni''s garden',175,'3/8/2019',2,186551,54566);
INSERT INTO PlotInfo VALUES(53060,'Austin''s garden',18,'10/24/2019',3,530604,53198);
INSERT INTO PlotInfo VALUES(95577,'Arlena''s garden',29,'7/25/2019',1,955774,8431);
INSERT INTO PlotInfo VALUES(62800,'Cory''s garden',123,'12/22/2019',2,628001,57709);
INSERT INTO PlotInfo VALUES(9899,'Gayla''s garden',147,'8/27/2019',2,98992,77664);
INSERT INTO PlotInfo VALUES(99771,'Amalea''s garden',210,'1/9/2019',1,997713,95958);
INSERT INTO PlotInfo VALUES(53114,'Nelia''s garden',60,'9/21/2019',1,531142,97028);
INSERT INTO PlotInfo VALUES(84323,'Charlene''s garden',171,'12/16/2019',3,843234,70670);
INSERT INTO PlotInfo VALUES(94704,'Lewie''s garden',75,'9/16/2019',1,947044,95055);
INSERT INTO PlotInfo VALUES(41433,'Hermon''s garden',22,'7/2/2019',3,414332,90079);
INSERT INTO PlotInfo VALUES(85663,'Moll''s garden',88,'4/10/2019',3,856631,18556);
INSERT INTO PlotInfo VALUES(8437,'Nell''s garden',199,'5/20/2019',3,84372,44619);
INSERT INTO PlotInfo VALUES(4540,'Ashley''s garden',90,'3/19/2019',1,45403,91211);
INSERT INTO PlotInfo VALUES(30155,'Caro''s garden',202,'6/16/2019',3,301552,81362);
INSERT INTO PlotInfo VALUES(9790,'Brandyn''s garden',147,'10/19/2019',3,97901,55395);
INSERT INTO PlotInfo VALUES(87537,'Gaile''s garden',179,'8/24/2019',2,875374,43256);
INSERT INTO PlotInfo VALUES(70001,'Ade''s garden',48,'10/8/2019',2,700014,77812);
INSERT INTO PlotInfo VALUES(95025,'Rafe''s garden',244,'10/14/2019',1,950251,68794);
INSERT INTO PlotInfo VALUES(23986,'Loralyn''s garden',139,'2/17/2019',2,239861,5066);
INSERT INTO PlotInfo VALUES(55051,'Berget''s garden',7,'5/8/2019',2,550513,22053);
INSERT INTO PlotInfo VALUES(43063,'Rosy''s garden',54,'2/21/2019',1,430634,83571);
INSERT INTO PlotInfo VALUES(65605,'Georgianne''s garden',162,'10/24/2019',3,656053,53937);
INSERT INTO PlotInfo VALUES(43414,'David''s garden',249,'9/16/2019',1,434143,14130);
INSERT INTO PlotInfo VALUES(74579,'Eleanor''s garden',189,'5/25/2019',3,745794,83421);
INSERT INTO PlotInfo VALUES(99097,'Penni''s garden',238,'12/10/2019',1,990972,88723);
INSERT INTO PlotInfo VALUES(95848,'Megen''s garden',139,'12/25/2019',2,958483,19648);
INSERT INTO PlotInfo VALUES(70551,'Gilburt''s garden',152,'11/26/2019',1,705511,99059);
INSERT INTO PlotInfo VALUES(58943,'Luella''s garden',66,'12/11/2019',3,589434,45256);
INSERT INTO PlotInfo VALUES(20907,'Olwen''s garden',179,'3/28/2019',1,209071,20285);
INSERT INTO PlotInfo VALUES(81057,'Andreas''s garden',39,'10/20/2019',3,810572,9318);
INSERT INTO PlotInfo VALUES(21999,'Sigismondo''s garden',114,'9/27/2019',1,219994,47304);
INSERT INTO PlotInfo VALUES(90077,'Petronia''s garden',73,'7/11/2019',3,900772,30513);
INSERT INTO PlotInfo VALUES(83931,'Lenora''s garden',250,'8/4/2019',1,839314,9771);
INSERT INTO PlotInfo VALUES(1332,'Mason''s garden',3,'7/5/2019',1,13324,87643);
INSERT INTO PlotInfo VALUES(32944,'Rozanna''s garden',46,'12/17/2019',3,329444,56829);
INSERT INTO PlotInfo VALUES(55674,'Daffie''s garden',189,'11/28/2019',2,556744,34741);
INSERT INTO PlotInfo VALUES(1993,'Dominik''s garden',146,'7/31/2019',1,19934,82149);
INSERT INTO PlotInfo VALUES(73308,'Leone''s garden',86,'5/19/2019',1,733081,88594);
INSERT INTO PlotInfo VALUES(70279,'Isadore''s garden',220,'2/12/2019',2,702793,80621);
INSERT INTO PlotInfo VALUES(73790,'Norris''s garden',184,'3/11/2019',1,737904,5901);
INSERT INTO PlotInfo VALUES(38007,'Griz''s garden',156,'3/6/2019',3,380073,69270);
INSERT INTO PlotInfo VALUES(56086,'Tani''s garden',39,'12/6/2019',3,560861,28800);
INSERT INTO PlotInfo VALUES(88959,'Bill''s garden',187,'6/17/2019',1,889591,524);
INSERT INTO PlotInfo VALUES(41150,'Vladamir''s garden',201,'3/30/2019',2,411503,95375);
INSERT INTO PlotInfo VALUES(3973,'Louisette''s garden',25,'12/31/2019',2,39733,19031);
INSERT INTO PlotInfo VALUES(79732,'Steffie''s garden',58,'9/15/2019',3,797323,54548);
INSERT INTO PlotInfo VALUES(82018,'Lorelle''s garden',56,'7/27/2019',2,820184,23041);
INSERT INTO PlotInfo VALUES(17250,'Deloris''s garden',113,'1/25/2019',3,172504,28715);
INSERT INTO PlotInfo VALUES(2181,'Taffy''s garden',138,'8/8/2019',2,21812,1216);
INSERT INTO PlotInfo VALUES(88468,'Merle''s garden',217,'11/14/2019',3,884684,6660);
INSERT INTO PlotInfo VALUES(82913,'Cordelia''s garden',172,'4/14/2019',3,829132,99103);
INSERT INTO PlotInfo VALUES(37319,'Dana''s garden',107,'3/2/2019',3,373191,61799);
INSERT INTO PlotInfo VALUES(65980,'Burty''s garden',247,'7/5/2019',2,659801,61756);
INSERT INTO PlotInfo VALUES(35263,'Raf''s garden',35,'12/20/2019',1,352631,83763);
INSERT INTO PlotInfo VALUES(65050,'Kalinda''s garden',72,'12/31/2019',1,650503,16181);
INSERT INTO PlotInfo VALUES(18114,'Aldon''s garden',78,'6/24/2019',3,181143,6149);
INSERT INTO PlotInfo VALUES(10542,'Rozalie''s garden',172,'11/6/2019',3,105421,42068);
INSERT INTO PlotInfo VALUES(95277,'Risa''s garden',168,'4/30/2019',1,952774,40510);
INSERT INTO PlotInfo VALUES(7694,'Vassily''s garden',114,'10/15/2019',1,76943,78347);
INSERT INTO PlotInfo VALUES(69471,'Giacobo''s garden',84,'5/13/2019',3,694714,37651);
INSERT INTO PlotInfo VALUES(56879,'Sergeant''s garden',249,'2/4/2019',2,568794,33027);
INSERT INTO PlotInfo VALUES(37422,'Marcela''s garden',14,'12/19/2019',1,374223,712);
INSERT INTO PlotInfo VALUES(5241,'Ree''s garden',3,'3/8/2019',2,52413,25809);
INSERT INTO PlotInfo VALUES(36484,'Cliff''s garden',186,'12/14/2019',3,364842,93495);
INSERT INTO PlotInfo VALUES(79307,'Alameda''s garden',125,'3/7/2019',1,793071,54566);
INSERT INTO PlotInfo VALUES(68541,'Marie''s garden',71,'4/15/2019',1,685412,67193);
INSERT INTO PlotInfo VALUES(39936,'Malia''s garden',153,'7/8/2019',2,399364,8400);
INSERT INTO PlotInfo VALUES(80420,'Dennie''s garden',169,'6/28/2019',3,804203,53452);
INSERT INTO PlotInfo VALUES(16795,'Adria''s garden',217,'11/18/2019',2,167952,77959);
INSERT INTO PlotInfo VALUES(60766,'Elwood''s garden',51,'6/13/2019',2,607661,48322);
INSERT INTO PlotInfo VALUES(1745,'Terrill''s garden',192,'4/22/2019',2,17453,99934);
INSERT INTO PlotInfo VALUES(4465,'Kirsti''s garden',98,'6/10/2019',2,44654,59598);
INSERT INTO PlotInfo VALUES(54381,'Becka''s garden',141,'2/6/2019',1,543814,47286);
INSERT INTO PlotInfo VALUES(83013,'Kitti''s garden',65,'8/18/2019',2,830132,43097);
INSERT INTO PlotInfo VALUES(3,'Nessy''s garden',239,'1/26/2019',1,32,10230);
INSERT INTO PlotInfo VALUES(10241,'Vlad''s garden',139,'8/8/2019',2,102413,83763);
INSERT INTO PlotInfo VALUES(89869,'Lindi''s garden',213,'9/26/2019',1,898692,30513);
INSERT INTO PlotInfo VALUES(64098,'Gage''s garden',62,'3/30/2019',3,640983,44619);
INSERT INTO PlotInfo VALUES(27545,'Jenda''s garden',27,'10/4/2019',2,275453,10230);
INSERT INTO PlotInfo VALUES(68863,'Way''s garden',103,'5/18/2019',1,688632,37651);
INSERT INTO PlotInfo VALUES(20975,'Phyllys''s garden',103,'9/6/2019',3,209752,8431);
INSERT INTO PlotInfo VALUES(7659,'Ericha''s garden',224,'11/24/2019',3,76594,93495);
INSERT INTO PlotInfo VALUES(33420,'Aylmer''s garden',82,'9/27/2019',1,334202,33027);
INSERT INTO PlotInfo VALUES(92224,'Allison''s garden',42,'7/6/2019',1,922241,28800);
INSERT INTO PlotInfo VALUES(92204,'Lorne''s garden',176,'2/9/2019',2,922041,70670);
INSERT INTO PlotInfo VALUES(11042,'Daniel''s garden',6,'1/3/2019',2,110423,54548);
INSERT INTO PlotInfo VALUES(52632,'Betti''s garden',148,'1/31/2019',2,526323,83571);
INSERT INTO PlotInfo VALUES(98988,'Allsun''s garden',211,'1/15/2019',2,989881,28715);
INSERT INTO PlotInfo VALUES(71074,'Sabina''s garden',126,'2/28/2019',2,710743,78347);
INSERT INTO PlotInfo VALUES(78074,'Sigmund''s garden',101,'12/18/2019',3,780742,9771);
INSERT INTO PlotInfo VALUES(23040,'Kelley''s garden',210,'6/7/2019',2,230402,5901);
INSERT INTO PlotInfo VALUES(77509,'Currie''s garden',142,'10/16/2019',2,775092,55395);
INSERT INTO PlotInfo VALUES(55123,'Joycelin''s garden',205,'10/12/2019',1,551231,95375);
INSERT INTO PlotInfo VALUES(64338,'Willabella''s garden',164,'11/12/2019',1,643384,43097);
INSERT INTO PlotInfo VALUES(15874,'Lucie''s garden',64,'11/30/2019',2,158744,54566);
INSERT INTO PlotInfo VALUES(62428,'Kliment''s garden',91,'3/25/2019',1,624284,53198);
INSERT INTO PlotInfo VALUES(56007,'Marlene''s garden',194,'2/27/2019',1,560073,8431);
INSERT INTO PlotInfo VALUES(73995,'Margi''s garden',177,'5/24/2019',2,739953,57709);
INSERT INTO PlotInfo VALUES(9589,'Edith''s garden',161,'9/16/2019',3,95892,77664);
INSERT INTO PlotInfo VALUES(46173,'Sigismond''s garden',206,'9/7/2019',2,461732,95958);
INSERT INTO PlotInfo VALUES(17232,'Hyman''s garden',18,'4/16/2019',2,172324,97028);
INSERT INTO PlotInfo VALUES(63329,'Zorana''s garden',106,'4/21/2019',1,633294,70670);
INSERT INTO PlotInfo VALUES(64488,'Ruthy''s garden',181,'6/7/2019',3,644883,95055);
INSERT INTO PlotInfo VALUES(90480,'Yoko''s garden',126,'7/29/2019',3,904801,90079);
INSERT INTO PlotInfo VALUES(24586,'Adorne''s garden',189,'5/16/2019',3,245863,18556);
INSERT INTO PlotInfo VALUES(60349,'Mordy''s garden',247,'12/2/2019',3,603492,44619);
INSERT INTO PlotInfo VALUES(91653,'Blake''s garden',147,'7/22/2019',3,916532,91211);
INSERT INTO PlotInfo VALUES(87266,'Evangeline''s garden',101,'2/18/2019',3,872662,81362);
INSERT INTO PlotInfo VALUES(32875,'Cheri''s garden',162,'7/3/2019',2,328751,55395);
INSERT INTO PlotInfo VALUES(76334,'Tina''s garden',48,'1/13/2019',2,763344,43256);
INSERT INTO PlotInfo VALUES(55807,'Sandro''s garden',113,'2/9/2019',3,558074,77812);
COMMIT;
